station_id,station_name,city,latitude,longitude,elevation,status_class,total_rows,present_rows,absent_rows,present_rate,first_timestamp_utc,last_timestamp_utc,first_present_timestamp,last_present_timestamp,warmup_rows,terminal_padded_absence_rows,true_outage_candidate_rows,online_partial_missing_rows,online_complete_rows
IALWAH18,Roaya-Awjila,Awjila,29.124472,21.285446,16,reliable_reference_candidate,7418,6684,734,0.9010514963602049,2025-08-25 22:00:00+0000,2026-06-30 23:00:00+0000,2025-08-25 22:00:00+0000,2026-06-30 21:00:00+0000,145,2,732,1227,5312
I90583612,Roaya-Al-Uwaynah,Al-Uwaynah,31.976779,12.482434,202,outage_dominated,5910,1152,4758,0.1949238578680203,2025-10-07 18:00:00+0000,2026-06-30 23:00:00+0000,2025-10-07 18:00:00+0000,2026-06-30 19:00:00+0000,59,4,4754,9,1084
IBARAS3,Roaya-Gharyan,Gharyan,32.143264,13.018256,216,reliable_reference_candidate,6412,5709,703,0.890361821584529,2025-10-06 20:00:00+0000,2026-06-30 23:00:00+0000,2025-10-06 20:00:00+0000,2026-06-30 21:00:00+0000,144,2,701,856,4709
IBIRAL3,Roaya-Ber Alghanam,Bir al Ghanam,32.318991,12.574238,41,reliable_reference_candidate,6434,5814,620,0.9036369288156668,2025-10-05 22:00:00+0000,2026-06-30 23:00:00+0000,2025-10-05 22:00:00+0000,2026-06-30 21:00:00+0000,119,2,618,911,4784
IDERNA7,Roaya-Derna,Derna,32.766357,22.641455,3,outage_dominated,8895,4763,4132,0.5354693648116919,2025-06-15 15:00:00+0000,2026-06-30 23:00:00+0000,2025-06-15 15:00:00+0000,2026-06-30 21:00:00+0000,132,2,4130,620,4011
IJABAL13,Roaya-Yafran,Yafran,32.101958,12.551183,640,reliable_but_terminal_gap,6457,5849,608,0.9058386247483351,2025-10-04 23:00:00+0000,2026-06-30 23:00:00+0000,2025-10-04 23:00:00+0000,2026-06-30 21:00:00+0000,140,2,606,936,4773
IJABAL14,Roaya-Zintan,Zintan,31.92421,12.264878,654,reliable_reference_candidate,6440,5971,469,0.9271739130434783,2025-10-05 16:00:00+0000,2026-06-30 23:00:00+0000,2025-10-05 16:00:00+0000,2026-06-30 21:00:00+0000,152,2,467,1,5818
IJABAL15,Roaya-Mizdah,Mizdah,31.461729,12.983949,144,reliable_reference_candidate,6440,5906,534,0.9170807453416149,2025-10-05 16:00:00+0000,2026-06-30 23:00:00+0000,2025-10-05 16:00:00+0000,2026-06-30 21:00:00+0000,144,2,532,161,5601
IJABAL16,Roaya-Al-Asabaa,Al-Asabaa,32.081197,12.888562,815,usable,6411,5454,957,0.8507253158633599,2025-10-06 21:00:00+0000,2026-06-30 23:00:00+0000,2025-10-06 21:00:00+0000,2026-06-30 21:00:00+0000,137,2,955,201,5116
IJANZO2,Roaya-Ganzour,Ganzour,32.820177,12.991854,5,reliable_reference_candidate,6348,5750,598,0.9057971014492754,2025-10-09 12:00:00+0000,2026-06-30 23:00:00+0000,2025-10-09 12:00:00+0000,2026-06-30 21:00:00+0000,129,2,596,355,5266
IJANZO3,Roaya-Maya,Maya,32.784235,12.857167,8,reliable_reference_candidate,6365,5777,588,0.9076197957580519,2025-10-08 19:00:00+0000,2026-06-30 23:00:00+0000,2025-10-08 19:00:00+0000,2026-06-30 21:00:00+0000,144,2,586,232,5401
IJANZO4,Roaya-Qasr Bin Ghashir,Qasr Bin Ghashir,32.690144,13.201313,21,outage_dominated,4163,675,3488,0.1621426855632957,2025-10-09 13:00:00+0000,2026-03-31 23:00:00+0000,2025-10-09 13:00:00+0000,2026-03-05 22:00:00+0000,2,625,2863,5,668
IMISRA12,Roaya-Tawergha,Tawergha,31.971379,15.091041,8,reliable_reference_candidate,6176,5570,606,0.9018782383419689,2025-10-16 16:00:00+0000,2026-06-30 23:00:00+0000,2025-10-16 16:00:00+0000,2026-06-30 21:00:00+0000,96,2,604,1511,3963
IMISRA13,Roaya-Zliten,Zliten,32.348137,14.574401,45,reliable_reference_candidate,6467,5816,651,0.8993350858203185,2025-10-04 13:00:00+0000,2026-06-30 23:00:00+0000,2025-10-04 13:00:00+0000,2026-06-30 21:00:00+0000,144,2,649,1,5671
IMURQU5,Roaya-Tarhuna,Tarhuna,32.294368,13.623417,487,outage_dominated,6441,4289,2152,0.6658903896910418,2025-10-05 15:00:00+0000,2026-06-30 23:00:00+0000,2025-10-05 15:00:00+0000,2026-06-30 21:00:00+0000,143,2,2150,339,3807
IMURQU6,Roaya-Khoms,Khoms,32.65723,14.242337,12,outage_dominated,6055,3802,2253,0.6279108175061933,2025-10-05 23:00:00+0000,2026-06-30 23:00:00+0000,2025-10-05 23:00:00+0000,2026-06-30 21:00:00+0000,158,2,2251,419,3225
IMURQU7,Roaya-Msallata,Msallata,32.464557,14.077052,56,usable,6388,5474,914,0.8569192235441453,2025-10-07 20:00:00+0000,2026-06-30 23:00:00+0000,2025-10-07 20:00:00+0000,2026-06-30 19:00:00+0000,99,4,910,6,5369
INALUT3,Roaya-Tiji,Tiji,32.00446,11.381656,64,weak,6362,4541,1821,0.7137692549512732,2025-10-08 22:00:00+0000,2026-06-30 23:00:00+0000,2025-10-08 22:00:00+0000,2026-06-30 21:00:00+0000,62,2,1819,656,3823
INUQAT10,Roaya-Al-Ajaylat,Al-Ajaylat,32.771523,12.320158,2,usable,6272,5468,804,0.8718112244897959,2025-10-12 16:00:00+0000,2026-06-30 23:00:00+0000,2025-10-12 16:00:00+0000,2026-06-30 21:00:00+0000,70,2,802,240,5158
INUQAT8,Roaya-Ragdalin,Ragdalin,32.897844,11.967586,4,reliable_reference_candidate,6350,5954,396,0.9376377952755905,2025-10-09 10:00:00+0000,2026-06-30 23:00:00+0000,2025-10-09 10:00:00+0000,2026-06-30 21:00:00+0000,119,2,394,1,5834
INUQAT9,Roaya-Sabratha,Sabratha,32.736552,12.452316,3,usable,6330,5431,899,0.8579778830963665,2025-10-10 06:00:00+0000,2026-06-30 23:00:00+0000,2025-10-10 06:00:00+0000,2026-06-30 21:00:00+0000,109,2,897,562,4760
ITAHLI1,Roaya-Al-Aziziyah,Al-Aziziyah,32.503011,13.037324,36,reliable_reference_candidate,6377,5711,666,0.8955621765720558,2025-10-08 07:00:00+0000,2026-06-30 23:00:00+0000,2025-10-08 07:00:00+0000,2026-06-30 21:00:00+0000,137,2,664,12,5562
ITRIPO32,Roaya-Tajura,Tajura,32.881396,13.387467,8,outage_dominated,5981,2172,3809,0.3631499749205818,2025-10-09 17:00:00+0000,2026-06-30 23:00:00+0000,2025-10-09 17:00:00+0000,2026-06-19 05:00:00+0000,58,282,3527,3,2111
ITRIPO33,Roaya-Tripoli,Tripoli,32.881258,13.160197,10,usable,6292,5543,749,0.8809599491417673,2025-10-11 20:00:00+0000,2026-06-30 23:00:00+0000,2025-10-11 20:00:00+0000,2026-06-30 21:00:00+0000,99,2,747,1475,3969
IZAWIY5,Roaya-Surman,Surman,32.752357,12.582403,2,reliable_reference_candidate,6434,5738,696,0.8918246813801679,2025-10-05 22:00:00+0000,2026-06-30 23:00:00+0000,2025-10-05 22:00:00+0000,2026-06-30 21:00:00+0000,143,2,694,350,5245
IZAWIY7,Roaya-Al-Zawiyah,Al-Zawiyah,32.756648,12.798849,11,reliable_reference_candidate,6399,5639,760,0.881231442412877,2025-10-07 09:00:00+0000,2026-06-30 23:00:00+0000,2025-10-07 09:00:00+0000,2026-06-30 21:00:00+0000,125,2,758,161,5353
