review_id,cluster_label,cluster_size,role,needs_5min_confirmation,station_id,start_hour,end_hour,duration_hours,affected_sensor_groups,n_sensor_groups,dominant_detector,detector_concordance,max_abs_zscore,max_iforest_score,min_rolling_variance,reasons,cluster_probability,label
1,0,104,representative,True,IBARAS3,2025-10-18 23:00:00+00:00,2025-10-20 11:00:00+00:00,37,anemometer,1,stuck,1,1.0,0.4791694001830794,0.0,stuck_variance_zero,1.0,
2,0,104,representative,True,INUQAT9,2025-10-18 23:00:00+00:00,2025-10-20 18:00:00+00:00,44,anemometer,1,stuck,1,,0.47499787809562044,0.0,stuck_variance_zero,1.0,
3,0,104,representative,True,IJANZO2,2025-10-23 17:00:00+00:00,2025-10-25 08:00:00+00:00,40,anemometer,1,stuck,1,,0.47084374925085487,0.0,stuck_variance_zero,1.0,
4,0,104,representative,True,ITAHLI1,2025-10-27 23:00:00+00:00,2025-10-28 22:00:00+00:00,24,anemometer,1,stuck,1,,0.4704570356717972,0.0,stuck_variance_zero,1.0,
5,0,104,representative,True,IJANZO2,2025-11-01 11:00:00+00:00,2025-11-02 12:00:00+00:00,26,anemometer,1,stuck,1,0.0,0.47285165496858733,0.0,stuck_variance_zero,1.0,
6,0,104,boundary,True,IBARAS3,2025-10-20 17:00:00+00:00,2025-10-21 22:00:00+00:00,30,anemometer|wind_vane,2,stuck,2,7.225354262390381,0.6907230460703415,0.0,iforest_outlier|stuck_variance_zero,0.023191426831382998,
7,0,104,boundary,True,IBIRAL3,2026-01-21 22:00:00+00:00,2026-01-23 15:00:00+00:00,42,thermo_hygrometer|wind_vane,2,stuck,2,3.25,0.7157395626085383,0.0,iforest_outlier|stuck_variance_zero,0.020894396511907852,
8,1,135,representative,False,IMURQU6,2025-10-06 11:00:00+00:00,2025-10-06 13:00:00+00:00,3,light_uv,1,physical,2,492.1781818181818,0.8076785161342518,,iforest_outlier|physical_suspect_breach,1.0,
9,1,135,representative,False,IMURQU6,2025-10-07 11:00:00+00:00,2025-10-07 12:00:00+00:00,2,light_uv,1,physical,2,495.00363636363636,0.8227995175645829,6.0271739130434785,iforest_outlier|physical_suspect_breach,1.0,
10,1,135,representative,False,IALWAH18,2025-11-07 06:00:00+00:00,2025-11-07 06:00:00+00:00,1,light_uv,1,physical,2,16.0,0.7544062034535864,12.331521739130435,mad_high|physical_suspect_breach,1.0,
11,1,135,representative,False,ITAHLI1,2026-03-14 11:00:00+00:00,2026-03-14 13:00:00+00:00,3,light_uv,1,physical,2,626.2681704260654,0.7912835817652614,,iforest_outlier|physical_suspect_breach,1.0,
12,1,135,representative,False,IJABAL15,2026-03-17 11:00:00+00:00,2026-03-17 13:00:00+00:00,3,light_uv,1,physical,2,299.8207847295864,0.7748017247913891,,mad_high|physical_limit_breach,1.0,
13,1,135,boundary,False,IMURQU7,2026-01-26 22:00:00+00:00,2026-01-26 22:00:00+00:00,1,anemometer|rain_gauge,2,physical,3,14.0,0.86671909595118,,iforest_outlier|mad_high|physical_limit_breach,0.30872413037878776,
14,1,135,boundary,False,IMURQU7,2026-02-18 11:00:00+00:00,2026-02-18 12:00:00+00:00,2,barometer|rain_gauge,2,physical,3,24.411764705882355,0.8731936724926257,2.3008475119855465,iforest_outlier|mad_high|physical_limit_breach,0.3071515341589219,
15,2,56,representative,False,ITRIPO32,2025-10-14 10:00:00+00:00,2025-10-14 14:00:00+00:00,5,light_uv,1,zscore,1,5191.588235294118,0.5749933254834644,,mad_high,1.0,
16,2,56,representative,False,ITRIPO32,2025-10-21 09:00:00+00:00,2025-10-21 13:00:00+00:00,5,light_uv,1,zscore,1,6859.470588235295,0.687637829086702,,mad_high,1.0,
17,2,56,representative,False,ITRIPO32,2025-10-28 09:00:00+00:00,2025-10-28 14:00:00+00:00,6,light_uv,1,zscore,1,6883.823529411766,0.687637829086702,,mad_high,1.0,
18,2,56,representative,False,ITRIPO32,2025-10-30 10:00:00+00:00,2025-10-30 13:00:00+00:00,4,light_uv,1,zscore,1,6568.058823529412,0.664671313820128,,mad_high,1.0,
19,2,56,representative,False,ITRIPO32,2025-11-03 09:00:00+00:00,2025-11-03 09:00:00+00:00,1,light_uv,1,zscore,1,5689.000000000001,0.6345909833223511,,mad_high,1.0,
20,2,56,boundary,False,ITRIPO32,2025-11-01 09:00:00+00:00,2025-11-01 13:00:00+00:00,5,light_uv,1,zscore,1,7673.235294117647,0.7290843777644069,,mad_high,0.7384653517382763,
21,2,56,boundary,False,ITRIPO32,2025-10-19 09:00:00+00:00,2025-10-19 12:00:00+00:00,4,light_uv,1,zscore,1,8270.64705882353,0.7562145489747049,,mad_high,0.6226629366104335,
22,3,86,representative,False,IDERNA7,2025-08-11 12:00:00+00:00,2025-08-11 12:00:00+00:00,1,rain_gauge,1,iforest,1,,0.830445992544616,,iforest_outlier,1.0,
23,3,86,representative,False,IDERNA7,2025-08-17 06:00:00+00:00,2025-08-17 06:00:00+00:00,1,rain_gauge,1,iforest,1,,0.830445992544616,,iforest_outlier,1.0,
24,3,86,representative,False,IDERNA7,2025-08-18 06:00:00+00:00,2025-08-18 06:00:00+00:00,1,rain_gauge,1,iforest,1,,0.830445992544616,,iforest_outlier,1.0,
25,3,86,representative,False,IDERNA7,2025-08-18 13:00:00+00:00,2025-08-18 13:00:00+00:00,1,rain_gauge,1,iforest,1,,0.830445992544616,,iforest_outlier,1.0,
26,3,86,representative,False,IDERNA7,2025-08-19 10:00:00+00:00,2025-08-19 10:00:00+00:00,1,rain_gauge,1,iforest,1,,0.830445992544616,,iforest_outlier,1.0,
27,3,86,boundary,False,IMISRA12,2025-11-22 09:00:00+00:00,2025-11-22 23:00:00+00:00,15,rain_gauge,1,iforest,1,,0.8621309263580482,,iforest_outlier,0.02827733177517667,
28,3,86,boundary,False,IMISRA12,2025-11-21 11:00:00+00:00,2025-11-21 23:00:00+00:00,13,rain_gauge,1,iforest,1,,0.7954556170283593,,iforest_outlier,0.02771958283357106,
29,4,108,representative,False,IBARAS3,2025-10-12 11:00:00+00:00,2025-10-12 11:00:00+00:00,1,rain_gauge,1,iforest,1,,0.8439768102510187,0.043558579148324846,iforest_outlier,1.0,
30,4,108,representative,False,IJANZO2,2025-10-20 06:00:00+00:00,2025-10-20 06:00:00+00:00,1,rain_gauge,1,iforest,1,,0.852878565855367,0.2746902148369703,iforest_outlier,1.0,
31,4,108,representative,False,IMISRA12,2025-11-11 13:00:00+00:00,2025-11-11 13:00:00+00:00,1,rain_gauge,1,iforest,1,,0.8446558669226286,0.03559393821021317,iforest_outlier,1.0,
32,4,108,representative,False,IMISRA12,2025-11-11 16:00:00+00:00,2025-11-11 16:00:00+00:00,1,rain_gauge,1,iforest,1,,0.8446558669226286,0.06809275135866867,iforest_outlier,1.0,
33,4,108,representative,False,ITRIPO32,2025-11-27 19:00:00+00:00,2025-11-27 19:00:00+00:00,1,rain_gauge,1,iforest,1,,0.8480870029069223,0.0824608980618866,iforest_outlier,1.0,
34,4,108,boundary,False,IZAWIY5,2026-03-16 01:00:00+00:00,2026-03-16 13:00:00+00:00,13,rain_gauge,1,iforest,1,,0.8672837709226708,0.2646237106909025,iforest_outlier,0.016057208116456317,
35,4,108,boundary,False,IJABAL14,2025-12-03 10:00:00+00:00,2025-12-03 22:00:00+00:00,13,rain_gauge,1,iforest,1,,0.8719560005960673,0.2927372626567744,iforest_outlier,0.01605592345802375,
36,5,75,representative,False,IDERNA7,2025-06-18 00:00:00+00:00,2025-06-18 00:00:00+00:00,1,barometer|wind_vane,2,iforest,2,29.882352941176467,0.8317928924181308,,iforest_outlier|mad_high,1.0,
37,5,75,representative,False,IALWAH18,2025-09-01 17:00:00+00:00,2025-09-01 17:00:00+00:00,1,barometer|thermo_hygrometer,2,iforest,2,11.941176470588234,0.793930001410172,,iforest_outlier|mad_high,1.0,
38,5,75,representative,False,IDERNA7,2025-09-20 12:00:00+00:00,2025-09-20 13:00:00+00:00,2,thermo_hygrometer|wind_vane,2,iforest,2,18.223769278150336,0.6664742119903421,0.4541012807420791,iforest_outlier|mad_high,1.0,
39,5,75,representative,False,IBIRAL3,2025-10-15 12:00:00+00:00,2025-10-15 16:00:00+00:00,5,thermo_hygrometer|wind_vane,2,iforest,2,31.84939954403112,0.749171727873865,0.45928374639061337,iforest_outlier|mad_high,1.0,
40,5,75,representative,False,ITAHLI1,2025-10-16 12:00:00+00:00,2025-10-16 14:00:00+00:00,3,anemometer|thermo_hygrometer,2,iforest,1,4.5,0.7836883455656077,0.43297101449275355,iforest_outlier,1.0,
41,5,75,boundary,False,IMURQU7,2026-03-16 11:00:00+00:00,2026-03-16 11:00:00+00:00,1,anemometer|light_uv,2,iforest,2,18.0,0.8007379789281396,5.152173913043477,iforest_outlier|mad_high,0.9103840930075323,
42,5,75,boundary,False,INUQAT10,2026-03-21 12:00:00+00:00,2026-03-21 12:00:00+00:00,1,barometer|light_uv,2,iforest,1,299.9469696969697,0.784346561784175,0.9996260869565244,iforest_outlier,0.8960941952993747,
43,6,32,representative,False,IBARAS3,2025-10-09 12:00:00+00:00,2025-10-09 13:00:00+00:00,2,rain_gauge|wind_vane,2,iforest,1,7.222845875450616,0.8439768102510187,,iforest_outlier,1.0,
44,6,32,representative,False,IZAWIY5,2025-10-19 11:00:00+00:00,2025-10-19 11:00:00+00:00,1,barometer|rain_gauge,2,iforest,2,11.058823529411763,0.8438731115307637,,iforest_outlier|mad_high,1.0,
45,6,32,representative,False,INUQAT9,2025-10-19 16:00:00+00:00,2025-10-19 22:00:00+00:00,7,rain_gauge|thermo_hygrometer,2,iforest,1,2.4444444444444446,0.8378747556878181,,iforest_outlier,1.0,
46,6,32,representative,False,IMURQU6,2025-10-20 08:00:00+00:00,2025-10-20 08:00:00+00:00,1,rain_gauge|thermo_hygrometer,2,iforest,1,2.4166666666666665,0.8529769177984957,,iforest_outlier,1.0,
47,6,32,representative,False,ITRIPO33,2025-11-03 08:00:00+00:00,2025-11-03 09:00:00+00:00,2,rain_gauge|thermo_hygrometer,2,iforest,1,3.111111111111111,0.8551500541249982,0.07396663370155357,iforest_outlier,1.0,
48,6,32,boundary,False,IALWAH18,2026-03-30 13:00:00+00:00,2026-03-30 22:00:00+00:00,10,barometer|rain_gauge,2,iforest,2,14.823529411764705,0.8390917053596103,,iforest_outlier|mad_high,1.0,
49,6,32,boundary,False,ITRIPO33,2025-12-28 06:00:00+00:00,2025-12-28 13:00:00+00:00,8,rain_gauge|thermo_hygrometer,2,iforest,1,3.2222222222222223,0.7993788898784593,,iforest_outlier,0.9789296106973677,
50,7,112,representative,False,IALWAH18,2025-09-30 13:00:00+00:00,2025-09-30 15:00:00+00:00,3,thermo_hygrometer,1,iforest,1,4.2,0.76018175142345,25.471014492753376,iforest_outlier,1.0,
51,7,112,representative,False,IJABAL13,2025-10-16 11:00:00+00:00,2025-10-16 14:00:00+00:00,4,thermo_hygrometer,1,iforest,1,3.75,0.7639553416183491,2.8677536231884124,iforest_outlier,1.0,
52,7,112,representative,False,IJABAL13,2025-10-25 13:00:00+00:00,2025-10-25 17:00:00+00:00,5,thermo_hygrometer,1,iforest,1,3.75,0.7639553416183491,5.014492753623113,iforest_outlier,1.0,
53,7,112,representative,False,IDERNA7,2025-11-03 03:00:00+00:00,2025-11-03 05:00:00+00:00,3,thermo_hygrometer,1,iforest,1,3.142857142857143,0.729215001529625,45.34601449275371,iforest_outlier,1.0,
54,7,112,representative,False,ITAHLI1,2025-11-17 11:00:00+00:00,2025-11-17 13:00:00+00:00,3,thermo_hygrometer,1,iforest,1,2.923076923076923,0.735890557170743,27.54891304347824,iforest_outlier,1.0,
55,7,112,boundary,False,IJANZO3,2026-01-24 12:00:00+00:00,2026-01-24 17:00:00+00:00,6,thermo_hygrometer,1,iforest,2,3.909090909090909,0.7395731106226026,90.16666666667389,iforest_outlier|mad_high,0.1576247029115513,
56,7,112,boundary,False,ITRIPO32,2026-02-03 10:00:00+00:00,2026-02-03 10:00:00+00:00,1,thermo_hygrometer,1,iforest,2,3.6,0.725464850276013,86.37500000000036,iforest_outlier|mad_high,0.1576247029115513,
57,8,82,representative,False,IALWAH18,2025-09-02 12:00:00+00:00,2025-09-02 16:00:00+00:00,5,thermo_hygrometer,1,iforest,1,4.2,0.76018175142345,,iforest_outlier,1.0,
58,8,82,representative,False,IJABAL16,2025-10-15 14:00:00+00:00,2025-10-15 15:00:00+00:00,2,thermo_hygrometer,1,iforest,1,4.0,0.7588733617458077,,iforest_outlier,1.0,
59,8,82,representative,False,ITAHLI1,2025-10-15 14:00:00+00:00,2025-10-15 15:00:00+00:00,2,thermo_hygrometer,1,iforest,1,4.25,0.7506639196396316,,iforest_outlier,1.0,
60,8,82,representative,False,INALUT3,2025-10-16 12:00:00+00:00,2025-10-16 14:00:00+00:00,3,thermo_hygrometer,1,iforest,1,4.25,0.7667899115798384,,iforest_outlier,1.0,
61,8,82,representative,False,IMURQU6,2025-10-20 05:00:00+00:00,2025-10-20 06:00:00+00:00,2,thermo_hygrometer,1,iforest,1,2.5833333333333335,0.7178782056710822,,iforest_outlier,1.0,
62,8,82,boundary,False,IBIRAL3,2026-03-18 08:00:00+00:00,2026-03-18 09:00:00+00:00,2,thermo_hygrometer,1,iforest,2,3.6666666666666665,0.7440156365316233,,iforest_outlier|mad_high,0.27709495236032555,
63,8,82,boundary,False,IALWAH18,2026-03-19 02:00:00+00:00,2026-03-19 06:00:00+00:00,5,thermo_hygrometer,1,iforest,2,3.9166666666666665,0.7361081046388552,,iforest_outlier|mad_high,0.27709495236032555,
64,9,66,representative,False,INUQAT8,2025-10-10 11:00:00+00:00,2025-10-10 12:00:00+00:00,2,thermo_hygrometer,1,zscore,1,5.0,0.7314932232037088,12.079710144927548,mad_high,1.0,
65,9,66,representative,False,IJABAL14,2025-10-21 14:00:00+00:00,2025-10-21 16:00:00+00:00,3,thermo_hygrometer,1,zscore,1,4.666666666666667,0.6773759983258422,11.679347826086959,mad_high,1.0,
66,9,66,representative,False,INUQAT10,2025-10-21 14:00:00+00:00,2025-10-21 16:00:00+00:00,3,thermo_hygrometer,1,zscore,1,5.0,0.7245384752871162,18.563405797101424,mad_high,1.0,
67,9,66,representative,False,INUQAT8,2025-10-21 14:00:00+00:00,2025-10-21 16:00:00+00:00,3,thermo_hygrometer,1,zscore,1,5.0,0.7412644453651753,13.693840579710137,mad_high,1.0,
68,9,66,representative,False,IJABAL14,2025-10-22 11:00:00+00:00,2025-10-22 12:00:00+00:00,2,thermo_hygrometer,1,zscore,1,5.0,0.7269489513433999,6.954710144927576,mad_high,1.0,
69,9,66,boundary,False,ITRIPO33,2026-02-03 11:00:00+00:00,2026-02-03 22:00:00+00:00,12,thermo_hygrometer,1,zscore,2,4.444444444444445,0.7536004322079992,44.253623188403296,iforest_outlier|mad_high,0.29382974261473727,
70,9,66,boundary,False,IMISRA13,2026-02-06 12:00:00+00:00,2026-02-06 16:00:00+00:00,5,thermo_hygrometer,1,zscore,2,5.333333333333333,0.742506995744516,24.840579710144844,iforest_outlier|mad_high,0.29382974261473727,
71,10,49,representative,False,IDERNA7,2025-09-28 10:00:00+00:00,2025-09-28 13:00:00+00:00,4,thermo_hygrometer,1,zscore,1,4.142857142857143,0.6111145647076125,,mad_high,1.0,
72,10,49,representative,False,INUQAT8,2025-10-14 11:00:00+00:00,2025-10-14 13:00:00+00:00,3,thermo_hygrometer,1,zscore,1,5.333333333333333,0.7423434978723608,,mad_high,1.0,
73,10,49,representative,False,IJABAL14,2025-10-14 13:00:00+00:00,2025-10-14 16:00:00+00:00,4,thermo_hygrometer,1,zscore,1,4.666666666666667,0.6773759983258422,,mad_high,1.0,
74,10,49,representative,False,IMISRA12,2025-10-19 12:00:00+00:00,2025-10-19 13:00:00+00:00,2,thermo_hygrometer,1,zscore,1,5.0,0.7148720013796438,,mad_high,1.0,
75,10,49,representative,False,IJABAL14,2025-10-22 15:00:00+00:00,2025-10-22 16:00:00+00:00,2,thermo_hygrometer,1,zscore,1,5.0,0.7269489513433999,,mad_high,1.0,
76,10,49,boundary,False,IALWAH18,2026-03-13 23:00:00+00:00,2026-03-14 07:00:00+00:00,9,thermo_hygrometer,1,zscore,2,3.8333333333333335,0.7210139197715961,,iforest_outlier|mad_high,0.39772354275993443,
77,10,49,boundary,False,INALUT3,2026-03-20 01:00:00+00:00,2026-03-20 08:00:00+00:00,8,thermo_hygrometer,1,zscore,2,4.090909090909091,0.7159656274745148,,iforest_outlier|mad_high,0.39772354275993443,
78,11,178,representative,False,IDERNA7,2025-06-15 21:00:00+00:00,2025-06-15 21:00:00+00:00,1,wind_vane,1,iforest,1,12.588003358420954,0.658020203264295,,iforest_outlier,1.0,
79,11,178,representative,False,IDERNA7,2025-06-16 02:00:00+00:00,2025-06-16 02:00:00+00:00,1,wind_vane,1,iforest,1,18.076128362038865,0.6655729672353685,,iforest_outlier,1.0,
80,11,178,representative,False,IDERNA7,2025-06-17 03:00:00+00:00,2025-06-17 03:00:00+00:00,1,wind_vane,1,iforest,1,2.7441202419723543,0.6628746820916688,,iforest_outlier,1.0,
81,11,178,representative,False,IDERNA7,2025-06-19 08:00:00+00:00,2025-06-19 08:00:00+00:00,1,wind_vane,1,iforest,1,18.511856102179195,0.6679856332747838,,iforest_outlier,1.0,
82,11,178,representative,False,IDERNA7,2025-06-24 15:00:00+00:00,2025-06-24 15:00:00+00:00,1,wind_vane,1,iforest,1,13.174458118735597,0.6579278771163014,,iforest_outlier,1.0,
83,11,178,boundary,False,IBIRAL3,2025-11-12 04:00:00+00:00,2025-11-12 04:00:00+00:00,1,wind_vane,1,iforest,2,31.84939954403112,0.661371636600087,,iforest_outlier|mad_high,0.01166013718225122,
84,11,178,boundary,False,IBIRAL3,2025-10-14 19:00:00+00:00,2025-10-14 19:00:00+00:00,1,wind_vane,1,iforest,2,31.851916792810613,0.661371636600087,,iforest_outlier|mad_high,0.011660137085891848,
85,12,39,representative,False,IJANZO4,2025-11-27 15:00:00+00:00,2025-11-27 15:00:00+00:00,1,barometer,1,zscore,1,11.941176470588234,0.7296510628294228,,mad_high,1.0,
86,12,39,representative,False,INALUT3,2025-12-02 14:00:00+00:00,2025-12-02 14:00:00+00:00,1,barometer,1,zscore,1,11.941176470588234,0.757238530460505,,mad_high,1.0,
87,12,39,representative,False,INALUT3,2025-12-03 09:00:00+00:00,2025-12-03 09:00:00+00:00,1,barometer,1,zscore,1,11.970588235294118,0.7567263665146465,,mad_high,1.0,
88,12,39,representative,False,IJANZO4,2025-12-03 12:00:00+00:00,2025-12-03 12:00:00+00:00,1,barometer,1,zscore,1,18.676470588235293,0.774859899521032,,mad_high,1.0,
89,12,39,representative,False,INALUT3,2025-12-03 16:00:00+00:00,2025-12-03 16:00:00+00:00,1,barometer,1,zscore,1,9.205882352941176,0.7227240383796291,,mad_high,1.0,
90,12,39,boundary,False,IDERNA7,2025-12-21 02:00:00+00:00,2025-12-21 04:00:00+00:00,3,barometer,1,zscore,1,8.029629629630195,0.7512019912864308,5.771207971021848,mad_high,0.7567090514605948,
91,12,39,boundary,False,IDERNA7,2025-12-21 23:00:00+00:00,2025-12-22 16:00:00+00:00,18,barometer,1,zscore,1,10.294117647059007,0.7273437291944297,,mad_high,0.6547547131957256,
92,13,122,representative,False,INUQAT10,2025-10-14 16:00:00+00:00,2025-10-14 16:00:00+00:00,1,anemometer,1,iforest,1,,0.7759664315472055,,iforest_outlier,1.0,
93,13,122,representative,False,ITAHLI1,2025-12-05 11:00:00+00:00,2025-12-05 11:00:00+00:00,1,anemometer,1,iforest,1,4.0,0.7753775971578906,,iforest_outlier,1.0,
94,13,122,representative,False,ITAHLI1,2025-12-05 12:00:00+00:00,2025-12-05 12:00:00+00:00,1,anemometer,1,iforest,1,,0.7836883455656077,,iforest_outlier,1.0,
95,13,122,representative,False,ITAHLI1,2025-12-06 13:00:00+00:00,2025-12-06 13:00:00+00:00,1,anemometer,1,iforest,1,,0.7836883455656077,,iforest_outlier,1.0,
96,13,122,representative,False,ITAHLI1,2025-12-19 00:00:00+00:00,2025-12-19 00:00:00+00:00,1,anemometer,1,iforest,1,,0.7836883455656077,,iforest_outlier,1.0,
97,13,122,boundary,False,INUQAT9,2026-01-31 09:00:00+00:00,2026-01-31 13:00:00+00:00,5,anemometer,1,iforest,1,4.0,0.8453075190006901,,iforest_outlier,0.036491401095143,
98,13,122,boundary,False,IJANZO2,2026-01-26 07:00:00+00:00,2026-01-26 12:00:00+00:00,6,anemometer,1,iforest,1,5.0,0.777835241397195,,iforest_outlier,0.033294447949034287,
99,14,63,representative,False,IDERNA7,2025-06-24 21:00:00+00:00,2025-06-24 21:00:00+00:00,1,anemometer,1,iforest,2,13.0,0.8117406114840613,,iforest_outlier|mad_high,1.0,
100,14,63,representative,False,I90583612,2025-11-16 12:00:00+00:00,2025-11-16 12:00:00+00:00,1,anemometer,1,iforest,2,16.0,0.784004552848637,,iforest_outlier|mad_high,1.0,
101,14,63,representative,False,IDERNA7,2025-12-08 15:00:00+00:00,2025-12-08 15:00:00+00:00,1,anemometer,1,iforest,2,27.666666666666668,0.8352936328758067,,iforest_outlier|mad_high,1.0,
102,14,63,representative,False,IBARAS3,2025-12-19 02:00:00+00:00,2025-12-19 02:00:00+00:00,1,anemometer,1,iforest,2,19.0,0.7958887974770487,,iforest_outlier|mad_high,1.0,
103,14,63,representative,False,IZAWIY5,2025-12-20 14:00:00+00:00,2025-12-20 14:00:00+00:00,1,anemometer,1,iforest,2,18.0,0.8037540054220198,,iforest_outlier|mad_high,1.0,
104,14,63,boundary,False,IDERNA7,2026-01-21 00:00:00+00:00,2026-01-21 02:00:00+00:00,3,anemometer,1,iforest,2,49.0,0.8547266200424177,,iforest_outlier|mad_high,0.5972332069823442,
105,14,63,boundary,False,IDERNA7,2026-01-19 20:00:00+00:00,2026-01-20 07:00:00+00:00,12,anemometer,1,iforest,2,14.0,0.8369861301134541,,iforest_outlier|mad_high,0.2536362430056677,
106,15,63,representative,False,IBARAS3,2026-01-18 20:00:00+00:00,2026-01-18 22:00:00+00:00,3,anemometer,1,iforest,2,20.0,0.7892990121452578,16.867753623188374,iforest_outlier|mad_high,1.0,
107,15,63,representative,False,IBARAS3,2026-01-19 00:00:00+00:00,2026-01-19 01:00:00+00:00,2,anemometer,1,iforest,2,22.0,0.7958887974770487,14.302536231884016,iforest_outlier|mad_high,1.0,
108,15,63,representative,False,IMURQU7,2026-01-23 10:00:00+00:00,2026-01-23 14:00:00+00:00,5,anemometer,1,iforest,2,20.0,0.7784878493008749,32.260869565217355,iforest_outlier|mad_high,1.0,
109,15,63,representative,False,IMURQU7,2026-01-25 12:00:00+00:00,2026-01-25 16:00:00+00:00,5,anemometer,1,iforest,2,18.0,0.7742271709564289,29.88405797101445,iforest_outlier|mad_high,1.0,
110,15,63,representative,False,IZAWIY5,2026-01-25 12:00:00+00:00,2026-01-25 15:00:00+00:00,4,anemometer,1,iforest,2,18.0,0.8037540054220198,17.809782608695656,iforest_outlier|mad_high,1.0,
111,15,63,boundary,False,IBARAS3,2026-01-28 20:00:00+00:00,2026-01-29 04:00:00+00:00,9,anemometer,1,iforest,2,18.0,0.7958887974770487,14.911231884057951,iforest_outlier|mad_high,0.5612213783801869,
112,15,63,boundary,False,INUQAT8,2026-01-31 12:00:00+00:00,2026-01-31 20:00:00+00:00,9,anemometer,1,iforest,2,8.0,0.7984781998344236,36.432971014492665,iforest_outlier|mad_high,0.5600766889034735,
113,16,57,representative,False,IMURQU7,2025-10-27 15:00:00+00:00,2025-10-27 15:00:00+00:00,1,anemometer,1,zscore,1,14.0,0.6328388714325105,,mad_high,1.0,
114,16,57,representative,False,IBARAS3,2025-11-18 03:00:00+00:00,2025-11-18 03:00:00+00:00,1,anemometer,1,zscore,1,13.0,0.6401740964455995,,mad_high,1.0,
115,16,57,representative,False,IBARAS3,2025-11-18 05:00:00+00:00,2025-11-18 05:00:00+00:00,1,anemometer,1,zscore,1,13.0,0.6401740964455995,,mad_high,1.0,
116,16,57,representative,False,IJANZO4,2025-11-26 14:00:00+00:00,2025-11-26 14:00:00+00:00,1,anemometer,1,zscore,1,14.0,0.5819249761855843,,mad_high,1.0,
117,16,57,representative,False,IBARAS3,2025-11-28 15:00:00+00:00,2025-11-28 15:00:00+00:00,1,anemometer,1,zscore,1,14.0,0.688629962868148,,mad_high,1.0,
118,16,57,boundary,False,IJABAL16,2026-01-22 21:00:00+00:00,2026-01-22 22:00:00+00:00,2,anemometer,1,zscore,2,8.8,0.7497839801556252,,iforest_outlier|mad_high,0.16172842118337963,
119,16,57,boundary,False,IMURQU6,2026-02-17 14:00:00+00:00,2026-02-17 15:00:00+00:00,2,anemometer,1,zscore,2,7.6,0.7758002614394625,,iforest_outlier|mad_high,0.16126839334318738,
120,17,143,representative,False,IZAWIY5,2025-10-28 13:00:00+00:00,2025-10-28 13:00:00+00:00,1,anemometer,1,zscore,1,13.0,0.6930939979311529,8.753623188405797,mad_high,1.0,
121,17,143,representative,False,IMURQU7,2025-11-18 05:00:00+00:00,2025-11-18 05:00:00+00:00,1,anemometer,1,zscore,1,18.0,0.7160294567291061,28.389492753623177,mad_high,1.0,
122,17,143,representative,False,IMURQU7,2025-11-18 08:00:00+00:00,2025-11-18 08:00:00+00:00,1,anemometer,1,zscore,1,14.0,0.6328388714325105,25.99275362318838,mad_high,1.0,
123,17,143,representative,False,IBARAS3,2025-11-18 12:00:00+00:00,2025-11-18 12:00:00+00:00,1,anemometer,1,zscore,1,13.0,0.6401740964455995,6.302536231884067,mad_high,1.0,
124,17,143,representative,False,IZAWIY5,2025-11-28 14:00:00+00:00,2025-11-28 14:00:00+00:00,1,anemometer,1,zscore,1,13.0,0.6930939979311529,11.563405797101456,mad_high,1.0,
125,17,143,boundary,False,IMISRA13,2026-02-17 14:00:00+00:00,2026-02-17 15:00:00+00:00,2,anemometer,1,zscore,2,17.0,0.7898494309774051,29.82608695652174,iforest_outlier|mad_high,0.09057607890769143,
126,17,143,boundary,False,IJABAL16,2026-03-16 11:00:00+00:00,2026-03-17 03:00:00+00:00,17,anemometer,1,zscore,2,22.0,0.7984463002711817,32.07065217391301,iforest_outlier|mad_high,0.09057607890769143,
127,18,38,representative,False,IBIRAL3,2025-10-06 03:00:00+00:00,2025-10-06 03:00:00+00:00,1,wind_vane,1,zscore,1,31.042993572110692,0.6143251123154495,,mad_high,1.0,
128,18,38,representative,False,IBIRAL3,2025-10-06 12:00:00+00:00,2025-10-06 12:00:00+00:00,1,wind_vane,1,zscore,1,29.185512321925888,0.6083327848001828,,mad_high,1.0,
129,18,38,representative,False,IBIRAL3,2025-10-08 14:00:00+00:00,2025-10-08 14:00:00+00:00,1,wind_vane,1,zscore,1,30.538044850979542,0.6072347861065048,,mad_high,1.0,
130,18,38,representative,False,IBIRAL3,2025-10-08 15:00:00+00:00,2025-10-08 15:00:00+00:00,1,wind_vane,1,zscore,1,7.984115462650613,0.6208561754166811,,mad_high,1.0,
131,18,38,representative,False,IBIRAL3,2025-10-08 17:00:00+00:00,2025-10-08 17:00:00+00:00,1,wind_vane,1,zscore,1,7.3893914865977175,0.6058960949795805,,mad_high,1.0,
132,18,38,boundary,False,IBIRAL3,2025-10-30 17:00:00+00:00,2025-10-30 19:00:00+00:00,3,wind_vane,1,zscore,1,8.0418321065076,0.6212432194434678,,mad_high,0.21888964706207364,
133,18,38,boundary,False,IBIRAL3,2025-10-19 12:00:00+00:00,2025-10-19 13:00:00+00:00,2,wind_vane,1,zscore,2,8.245328844191882,0.6641496604851119,,iforest_outlier|mad_high,0.10178699797870673,
134,19,31,representative,False,IALWAH18,2025-10-01 10:00:00+00:00,2025-10-01 10:00:00+00:00,1,barometer,1,iforest,1,8.617647058823529,0.7923201492465548,,iforest_outlier,1.0,
135,19,31,representative,False,IJABAL16,2025-10-08 15:00:00+00:00,2025-10-08 15:00:00+00:00,1,barometer,1,iforest,1,8.529411764705882,0.794746424962983,,iforest_outlier,1.0,
136,19,31,representative,False,INUQAT8,2025-10-14 14:00:00+00:00,2025-10-14 14:00:00+00:00,1,barometer,1,iforest,1,6.088235294117646,0.7906943815817081,,iforest_outlier,1.0,
137,19,31,representative,False,IDERNA7,2025-11-13 08:00:00+00:00,2025-11-13 11:00:00+00:00,4,barometer,1,iforest,1,8.627450980392267,0.7696157522246602,,iforest_outlier,1.0,
138,19,31,representative,False,IBIRAL3,2025-11-24 12:00:00+00:00,2025-11-24 12:00:00+00:00,1,barometer,1,iforest,1,5.0588235294117645,0.7858924935971392,,iforest_outlier,1.0,
139,19,31,boundary,False,ITRIPO33,2026-03-25 13:00:00+00:00,2026-03-25 13:00:00+00:00,1,barometer,1,iforest,1,7.108196721311602,0.7523273147045434,,iforest_outlier,1.0,
140,19,31,boundary,False,IMURQU6,2026-01-20 11:00:00+00:00,2026-01-20 16:00:00+00:00,6,barometer,1,iforest,1,6.439344262295173,0.7721346777036949,,iforest_outlier,0.7324083509734954,
141,20,88,representative,False,IDERNA7,2025-07-04 01:00:00+00:00,2025-07-04 01:00:00+00:00,1,barometer,1,iforest,2,16.191176470588236,0.8113423576377554,,iforest_outlier|mad_high,1.0,
142,20,88,representative,False,IDERNA7,2025-08-14 23:00:00+00:00,2025-08-14 23:00:00+00:00,1,barometer,1,iforest,2,13.941176470588236,0.8101315291606228,,iforest_outlier|mad_high,1.0,
143,20,88,representative,False,IALWAH18,2025-08-26 16:00:00+00:00,2025-08-26 16:00:00+00:00,1,barometer,1,iforest,2,29.882352941176467,0.799506279654527,,iforest_outlier|mad_high,1.0,
144,20,88,representative,False,IDERNA7,2025-09-25 17:00:00+00:00,2025-09-25 17:00:00+00:00,1,barometer,1,iforest,2,11.941176470588234,0.8052134031184796,,iforest_outlier|mad_high,1.0,
145,20,88,representative,False,IDERNA7,2025-10-01 14:00:00+00:00,2025-10-01 14:00:00+00:00,1,barometer,1,iforest,2,12.89705882352941,0.805326397649352,,iforest_outlier|mad_high,1.0,
146,20,88,boundary,False,I90583612,2025-12-03 13:00:00+00:00,2025-12-03 13:00:00+00:00,1,barometer,1,iforest,2,29.882352941176467,0.8517039548714593,,iforest_outlier|mad_high,0.18077368344363076,
147,20,88,boundary,False,I90583612,2026-01-13 23:00:00+00:00,2026-01-13 23:00:00+00:00,1,barometer,1,iforest,2,29.882352941176467,0.8517039548714593,,iforest_outlier|mad_high,0.18077368344363076,
148,21,88,representative,False,IALWAH18,2025-09-03 08:00:00+00:00,2025-09-03 08:00:00+00:00,1,barometer,1,iforest,1,7.9411764705882355,0.7834418159029541,0.47282608695652273,iforest_outlier,1.0,
149,21,88,representative,False,IMURQU7,2025-11-03 22:00:00+00:00,2025-11-03 22:00:00+00:00,1,barometer,1,iforest,1,7.617647058823528,0.7814981609134196,0.6824891304347827,iforest_outlier,1.0,
150,21,88,representative,False,IMURQU5,2025-11-10 10:00:00+00:00,2025-11-10 10:00:00+00:00,1,barometer,1,iforest,1,7.970588235294117,0.7853499171860807,0.5472804347826086,iforest_outlier,1.0,
151,21,88,representative,False,IJANZO2,2025-11-28 11:00:00+00:00,2025-11-28 11:00:00+00:00,1,barometer,1,iforest,1,6.0588235294117645,0.7825595210022795,0.36978967391304357,iforest_outlier,1.0,
152,21,88,representative,False,IZAWIY5,2025-12-01 15:00:00+00:00,2025-12-01 15:00:00+00:00,1,barometer,1,iforest,1,8.205882352941176,0.7814217733379335,0.547788405797102,iforest_outlier,1.0,
153,21,88,boundary,False,IMURQU7,2026-01-20 01:00:00+00:00,2026-01-20 16:00:00+00:00,16,barometer,1,iforest,1,7.008064516128995,0.7684864135085253,1.2550927536198822,iforest_outlier,0.009819085366640591,
154,21,88,boundary,False,INUQAT8,2026-02-14 01:00:00+00:00,2026-02-14 16:00:00+00:00,16,barometer,1,iforest,1,4.504926108374436,0.7869807374517355,7.255782427544706,iforest_outlier,0.009734549814570783,
155,22,86,representative,False,IALWAH18,2025-10-10 23:00:00+00:00,2025-10-10 23:00:00+00:00,1,barometer,1,iforest,2,29.882352941176467,0.799506279654527,4.532947644927537,iforest_outlier|mad_high,1.0,
156,22,86,representative,False,IMURQU7,2025-10-30 23:00:00+00:00,2025-10-30 23:00:00+00:00,1,barometer,1,iforest,2,11.205882352941176,0.7979045789938239,0.9503731884057972,iforest_outlier|mad_high,1.0,
157,22,86,representative,False,IMURQU5,2025-10-31 13:00:00+00:00,2025-10-31 13:00:00+00:00,1,barometer,1,iforest,2,9.176470588235293,0.7996925164280672,0.7161172101449277,iforest_outlier|mad_high,1.0,
158,22,86,representative,False,IBARAS3,2025-11-02 12:00:00+00:00,2025-11-02 12:00:00+00:00,1,barometer,1,iforest,2,9.235294117647058,0.7956217714963185,0.5019954710144927,iforest_outlier|mad_high,1.0,
159,22,86,representative,False,IJABAL15,2025-11-15 16:00:00+00:00,2025-11-15 16:00:00+00:00,1,barometer,1,iforest,2,11.941176470588234,0.7957615082728317,0.9485389492753619,iforest_outlier|mad_high,1.0,
160,22,86,boundary,False,IJANZO2,2026-03-06 04:00:00+00:00,2026-03-06 05:00:00+00:00,2,barometer,1,iforest,2,10.117647058823529,0.7992389016457999,1.3139172101449277,iforest_outlier|mad_high,0.06668095509811371,
161,22,86,boundary,False,IJANZO3,2026-03-06 04:00:00+00:00,2026-03-06 05:00:00+00:00,2,barometer,1,iforest,2,12.147058823529411,0.8138117418276981,1.3756693840579717,iforest_outlier|mad_high,0.06659511073456201,
162,23,128,representative,False,IBIRAL3,2025-10-09 23:00:00+00:00,2025-10-09 23:00:00+00:00,1,wind_vane,1,zscore,1,30.648433378389186,0.6180021099647418,0.5400885516737449,mad_high,1.0,
163,23,128,representative,False,IBIRAL3,2025-10-10 00:00:00+00:00,2025-10-10 00:00:00+00:00,1,wind_vane,1,zscore,1,7.7693524317923925,0.6170168804818698,0.49898360818030185,mad_high,1.0,
164,23,128,representative,False,IBIRAL3,2025-10-10 02:00:00+00:00,2025-10-10 02:00:00+00:00,1,wind_vane,1,zscore,1,7.809419650467026,0.6156083671473139,0.5354998698062198,mad_high,1.0,
165,23,128,representative,False,IBIRAL3,2025-10-10 19:00:00+00:00,2025-10-10 19:00:00+00:00,1,wind_vane,1,zscore,1,7.952631358541361,0.6158498550404092,0.6494334302918143,mad_high,1.0,
166,23,128,representative,False,IBIRAL3,2025-10-11 00:00:00+00:00,2025-10-11 00:00:00+00:00,1,wind_vane,1,zscore,1,7.9194093426937195,0.6117830019663463,0.6648346939375137,mad_high,1.0,
167,23,128,boundary,False,IJANZO2,2026-03-28 22:00:00+00:00,2026-03-28 22:00:00+00:00,1,wind_vane,1,zscore,1,6.8504039116597735,0.5634418526685341,0.4710626747074053,mad_high,0.04491649830137002,
168,23,128,boundary,False,IJANZO2,2026-03-29 04:00:00+00:00,2026-03-29 04:00:00+00:00,1,wind_vane,1,zscore,1,6.8504039116597735,0.5634418526685341,0.5426332109777184,mad_high,0.04491649830137002,
169,24,43,representative,False,IBIRAL3,2025-10-10 07:00:00+00:00,2025-10-10 09:00:00+00:00,3,wind_vane,1,zscore,1,8.0418321065076,0.6212432194434678,0.60337897960266,mad_high,1.0,
170,24,43,representative,False,IBIRAL3,2025-10-12 01:00:00+00:00,2025-10-12 02:00:00+00:00,2,wind_vane,1,zscore,1,31.648433378389186,0.6333663834250246,0.46721184883559513,mad_high,1.0,
171,24,43,representative,False,IBIRAL3,2025-10-20 08:00:00+00:00,2025-10-20 10:00:00+00:00,3,wind_vane,1,zscore,1,7.727603129915918,0.6185415037602607,0.6579781368355393,mad_high,1.0,
172,24,43,representative,False,IBIRAL3,2025-10-20 22:00:00+00:00,2025-10-20 23:00:00+00:00,2,wind_vane,1,zscore,1,8.068047065206503,0.6232609401997545,0.5262841402527664,mad_high,1.0,
173,24,43,representative,False,IBIRAL3,2025-10-24 23:00:00+00:00,2025-10-25 00:00:00+00:00,2,wind_vane,1,zscore,1,7.809419650467026,0.6156083671473139,0.5415804706667965,mad_high,1.0,
174,24,43,boundary,False,IJANZO2,2026-03-24 17:00:00+00:00,2026-03-24 18:00:00+00:00,2,wind_vane,1,zscore,1,6.8504039116597735,0.5634418526685341,0.4329257453843572,mad_high,0.7186429031811297,
175,24,43,boundary,False,IJANZO2,2026-03-25 19:00:00+00:00,2026-03-25 20:00:00+00:00,2,wind_vane,1,zscore,1,6.8504039116597735,0.5634418526685341,0.5259953600116835,mad_high,0.7186429031767864,
176,25,124,representative,False,IMISRA13,2025-10-07 11:00:00+00:00,2025-10-07 11:00:00+00:00,1,wind_vane,1,iforest,1,4.19539923456063,0.6495035068391398,0.44429062804491226,iforest_outlier,1.0,
177,25,124,representative,False,IBARAS3,2025-10-11 10:00:00+00:00,2025-10-11 10:00:00+00:00,1,wind_vane,1,iforest,1,7.085047297047173,0.6496570745544658,0.5287058641148176,iforest_outlier,1.0,
178,25,124,representative,False,IMISRA13,2025-10-12 04:00:00+00:00,2025-10-12 04:00:00+00:00,1,wind_vane,1,iforest,1,4.197281545249328,0.6504742595055532,0.48726455909879346,iforest_outlier,1.0,
179,25,124,representative,False,IBARAS3,2025-10-20 14:00:00+00:00,2025-10-20 14:00:00+00:00,1,wind_vane,1,iforest,1,7.085047297047173,0.6496570745544658,0.48699639271601564,iforest_outlier,1.0,
180,25,124,representative,False,IBARAS3,2025-10-24 09:00:00+00:00,2025-10-24 09:00:00+00:00,1,wind_vane,1,iforest,1,7.085047297047173,0.6496570745544658,0.37987811715686876,iforest_outlier,1.0,
181,25,124,boundary,False,IJABAL14,2026-02-28 20:00:00+00:00,2026-02-28 20:00:00+00:00,1,wind_vane,1,iforest,1,3.019796443815762,0.7040729974935034,0.31604433979287877,iforest_outlier,0.10514362350446962,
182,25,124,boundary,False,IJABAL14,2026-03-01 20:00:00+00:00,2026-03-01 20:00:00+00:00,1,wind_vane,1,iforest,1,3.0039403306877293,0.7041717991251498,0.11269648151293939,iforest_outlier,0.10445166114214155,
183,26,55,representative,False,IDERNA7,2025-08-22 12:00:00+00:00,2025-08-22 13:00:00+00:00,2,wind_vane,1,iforest,1,12.979739552628736,0.661684359738498,0.2722940195817759,iforest_outlier,1.0,
184,26,55,representative,False,IBARAS3,2025-10-10 19:00:00+00:00,2025-10-10 20:00:00+00:00,2,wind_vane,1,iforest,1,7.11981807353269,0.6579474695898526,0.44529540869001677,iforest_outlier,1.0,
185,26,55,representative,False,IJABAL14,2025-10-10 19:00:00+00:00,2025-10-10 20:00:00+00:00,2,wind_vane,1,iforest,1,2.8166641386981737,0.653855975523957,0.08497069472644947,iforest_outlier,1.0,
186,26,55,representative,False,IBARAS3,2025-10-13 15:00:00+00:00,2025-10-13 16:00:00+00:00,2,wind_vane,1,iforest,1,7.224727117896867,0.6911905379622921,0.4512062258776357,iforest_outlier,1.0,
187,26,55,representative,False,IJABAL13,2025-10-16 16:00:00+00:00,2025-10-16 18:00:00+00:00,3,wind_vane,1,iforest,1,5.335335928364528,0.6659274330877839,0.3619326908499924,iforest_outlier,1.0,
188,26,55,boundary,False,IJABAL13,2025-11-03 09:00:00+00:00,2025-11-03 15:00:00+00:00,7,wind_vane,1,iforest,1,5.475294061453316,0.6676650882749321,0.1723691208072043,iforest_outlier,0.9206881695113016,
189,26,55,boundary,False,IJABAL14,2026-03-30 16:00:00+00:00,2026-03-30 21:00:00+00:00,6,wind_vane,1,iforest,1,3.014837255152503,0.7040729974935034,0.03623603309948457,iforest_outlier,0.7580982499665944,
190,27,45,representative,False,INUQAT10,2025-10-29 17:00:00+00:00,2025-10-29 18:00:00+00:00,2,anemometer,1,iforest,1,,0.8259150441634923,0.07971014492753623,iforest_outlier,1.0,
191,27,45,representative,False,INUQAT10,2025-11-19 14:00:00+00:00,2025-11-19 15:00:00+00:00,2,anemometer,1,iforest,1,,0.8259150441634923,0.04166666666666667,iforest_outlier,1.0,
192,27,45,representative,False,INUQAT10,2025-12-05 10:00:00+00:00,2025-12-05 11:00:00+00:00,2,anemometer,1,iforest,1,,0.7759664315472055,0.04166666666666667,iforest_outlier,1.0,
193,27,45,representative,False,IJANZO3,2025-12-06 03:00:00+00:00,2025-12-06 04:00:00+00:00,2,anemometer,1,iforest,1,5.833333333333333,0.7752755431279744,60.041666666666636,iforest_outlier,1.0,
194,27,45,representative,False,IJABAL14,2025-12-06 13:00:00+00:00,2025-12-06 15:00:00+00:00,3,anemometer,1,iforest,1,8.333333333333334,0.7988143951739933,21.563405797101513,iforest_outlier,1.0,
195,27,45,boundary,False,INUQAT9,2026-03-11 13:00:00+00:00,2026-03-11 15:00:00+00:00,3,anemometer,1,iforest,1,3.0,0.8453075190006901,0.11413043478260868,iforest_outlier,0.7974286093906771,
196,27,45,boundary,False,INUQAT9,2026-01-06 12:00:00+00:00,2026-01-06 14:00:00+00:00,3,anemometer,1,iforest,1,3.0,0.8453075190006901,0.04166666666666667,iforest_outlier,0.7974286090150567,
197,28,128,representative,False,ITAHLI1,2025-10-11 01:00:00+00:00,2025-10-11 01:00:00+00:00,1,anemometer,1,iforest,1,,0.7836883455656077,0.43297101449275355,iforest_outlier,1.0,
198,28,128,representative,False,IJANZO2,2025-10-11 13:00:00+00:00,2025-10-11 13:00:00+00:00,1,anemometer,1,iforest,1,,0.7742725291305304,0.318840579710145,iforest_outlier,1.0,
199,28,128,representative,False,ITAHLI1,2025-10-20 14:00:00+00:00,2025-10-20 14:00:00+00:00,1,anemometer,1,iforest,1,3.0,0.7721770332830421,4.606884057971015,iforest_outlier,1.0,
200,28,128,representative,False,INUQAT10,2025-10-29 14:00:00+00:00,2025-10-29 14:00:00+00:00,1,anemometer,1,iforest,1,,0.7759664315472055,0.04166666666666666,iforest_outlier,1.0,
201,28,128,representative,False,INUQAT9,2025-11-09 15:00:00+00:00,2025-11-09 15:00:00+00:00,1,anemometer,1,iforest,1,4.0,0.784871041437309,5.2590579710144905,iforest_outlier,1.0,
202,28,128,boundary,False,INUQAT9,2026-01-20 22:00:00+00:00,2026-01-20 22:00:00+00:00,1,anemometer,1,iforest,1,,0.8453075190006901,0.04166666666666667,iforest_outlier,0.06045038354709682,
203,28,128,boundary,False,INUQAT9,2025-10-27 11:00:00+00:00,2025-10-27 11:00:00+00:00,1,anemometer,1,iforest,1,3.0,0.8555967658111896,0.16666666666666669,iforest_outlier,0.047075373041328625,
204,29,31,representative,False,IMURQU5,2026-03-11 11:00:00+00:00,2026-03-11 13:00:00+00:00,3,light_uv,1,iforest,2,1913.1194029850744,0.8324726659298465,3.8188405797101472,iforest_outlier|physical_suspect_breach,1.0,
205,29,31,representative,False,ITAHLI1,2026-03-13 11:00:00+00:00,2026-03-13 13:00:00+00:00,3,light_uv,1,iforest,2,622.37343358396,0.7912835817652614,98770.23616358705,iforest_outlier|physical_suspect_breach,1.0,
206,29,31,representative,False,IMURQU7,2026-03-18 12:00:00+00:00,2026-03-18 12:00:00+00:00,1,light_uv,1,iforest,2,8.0,0.8007379789281396,8.079710144927535,iforest_outlier|mad_high,1.0,
207,29,31,representative,False,IMURQU7,2026-03-19 11:00:00+00:00,2026-03-19 12:00:00+00:00,2,light_uv,1,iforest,2,8.0,0.8007379789281396,8.72282608695652,iforest_outlier|mad_high,1.0,
208,29,31,representative,False,ITAHLI1,2026-03-19 11:00:00+00:00,2026-03-19 13:00:00+00:00,3,light_uv,1,iforest,2,616.5338345864662,0.7912835817652614,151623.1139818842,iforest_outlier|physical_suspect_breach,1.0,
209,29,31,boundary,False,IJABAL15,2026-03-30 16:00:00+00:00,2026-03-30 16:00:00+00:00,1,light_uv,1,iforest,2,13.0,0.8022607250556323,14.780797101449272,iforest_outlier|mad_high,1.0,
210,29,31,boundary,False,IMURQU5,2025-10-07 11:00:00+00:00,2025-10-07 12:00:00+00:00,2,light_uv,1,iforest,2,1884.149253731343,0.830222753369439,3.884057971014492,iforest_outlier|physical_suspect_breach,0.9894014883504585,
211,30,36,representative,False,IJABAL13,2025-10-07 11:00:00+00:00,2025-10-07 11:00:00+00:00,1,light_uv,1,iforest,1,24.87891361750283,0.7705690199261863,,iforest_outlier,1.0,
212,30,36,representative,False,IMURQU6,2025-10-08 11:00:00+00:00,2025-10-08 12:00:00+00:00,2,light_uv,1,iforest,1,,0.8076785161342518,,iforest_outlier,1.0,
213,30,36,representative,False,IMURQU6,2025-10-10 11:00:00+00:00,2025-10-10 11:00:00+00:00,1,light_uv,1,iforest,1,,0.7855778185556466,,iforest_outlier,1.0,
214,30,36,representative,False,INUQAT8,2025-10-27 12:00:00+00:00,2025-10-27 12:00:00+00:00,1,light_uv,1,iforest,1,383.8317307692308,0.7854163540498982,,iforest_outlier,1.0,
215,30,36,representative,False,I90583612,2025-10-30 10:00:00+00:00,2025-10-30 10:00:00+00:00,1,light_uv,1,iforest,1,167.1256830601093,0.7628952638225615,,iforest_outlier,1.0,
216,30,36,boundary,False,IBIRAL3,2026-03-31 11:00:00+00:00,2026-03-31 12:00:00+00:00,2,light_uv,1,iforest,1,56.197665937272056,0.8072068835190498,,iforest_outlier,1.0,
217,30,36,boundary,False,IJABAL14,2026-03-18 12:00:00+00:00,2026-03-18 12:00:00+00:00,1,light_uv,1,iforest,1,672.1369294605809,0.7706771528566296,,iforest_outlier,0.8692624554664053,
218,31,55,representative,False,IMURQU6,2025-10-09 11:00:00+00:00,2025-10-09 12:00:00+00:00,2,light_uv,1,iforest,1,,0.7855778185556466,3.9999999999999987,iforest_outlier,1.0,
219,31,55,representative,False,ITAHLI1,2026-03-12 12:00:00+00:00,2026-03-12 12:00:00+00:00,1,light_uv,1,iforest,1,493.52631578947376,0.7759091284631018,87313.0172579711,iforest_outlier,1.0,
220,31,55,representative,False,IJABAL14,2026-03-16 12:00:00+00:00,2026-03-16 12:00:00+00:00,1,light_uv,1,iforest,1,677.9958506224066,0.7753843365185877,58687.23129836956,iforest_outlier,1.0,
221,31,55,representative,False,INUQAT8,2026-03-18 12:00:00+00:00,2026-03-18 12:00:00+00:00,1,light_uv,1,iforest,1,369.3798076923077,0.7670357753301549,99501.67431014472,iforest_outlier,1.0,
222,31,55,representative,False,IJABAL16,2026-03-18 13:00:00+00:00,2026-03-18 13:00:00+00:00,1,light_uv,1,iforest,1,233.82716049382717,0.8036934370087777,50498.864350000025,iforest_outlier,1.0,
223,31,55,boundary,False,IJABAL14,2026-03-13 12:00:00+00:00,2026-03-13 13:00:00+00:00,2,light_uv,1,iforest,1,673.3402489626556,0.7706771528566296,72725.33778677533,iforest_outlier,0.8575620131043856,
224,31,55,boundary,False,IMURQU5,2026-03-06 11:00:00+00:00,2026-03-06 12:00:00+00:00,2,light_uv,1,iforest,1,1347.955223880597,0.7873706100247401,71947.4792695652,iforest_outlier,0.5055508162153877,
225,-1,173,noise_sustained,True,IJANZO2,2026-03-16 21:00:00+00:00,2026-03-31 23:00:00+00:00,363,anemometer|rain_gauge|wind_vane,3,stuck,3,89.0,0.8316761844001941,0.0,iforest_outlier|mad_high|stuck_variance_zero,0.0,
226,-1,173,noise_sustained,True,ITRIPO33,2025-10-23 12:00:00+00:00,2025-10-26 22:00:00+00:00,83,anemometer|thermo_hygrometer|wind_vane,3,stuck,1,3.0,0.5614539934249944,0.0,stuck_variance_zero,0.0,
227,-1,173,noise_sustained,True,INUQAT8,2025-10-09 11:00:00+00:00,2025-10-12 08:00:00+00:00,70,anemometer|light_uv,2,stuck,2,6.0,0.7931148086628533,0.0,iforest_outlier|stuck_variance_zero,0.0,
228,-1,173,noise_sustained,False,IJABAL15,2025-10-05 16:00:00+00:00,2025-10-07 22:00:00+00:00,55,barometer,1,iforest,2,15.182890855457297,0.7867913446730842,0.49234710144854715,iforest_outlier|mad_high,0.0,
229,-1,173,noise_sustained,True,ITAHLI1,2026-03-22 08:00:00+00:00,2026-03-24 12:00:00+00:00,53,anemometer|light_uv,2,physical,3,671.0350877192983,0.8161946890547512,0.0,iforest_outlier|physical_suspect_breach|stuck_variance_zero,0.0,
230,-1,173,noise_sustained,True,ITAHLI1,2026-02-22 14:00:00+00:00,2026-02-24 11:00:00+00:00,46,anemometer|barometer,2,stuck,3,16.294117647058822,0.7957043900509525,0.0,iforest_outlier|mad_high|stuck_variance_zero,0.0,
231,-1,173,noise_sustained,True,ITAHLI1,2026-02-17 17:00:00+00:00,2026-02-19 13:00:00+00:00,45,anemometer|barometer,2,stuck,3,8.996309963099508,0.7821246507511714,0.0,iforest_outlier|mad_high|stuck_variance_zero,0.0,
232,-1,173,noise_sustained,True,IMISRA13,2025-10-06 10:00:00+00:00,2025-10-07 22:00:00+00:00,37,anemometer|thermo_hygrometer,2,zscore,2,5.0,0.7058402815727289,0.0,mad_high|stuck_variance_zero,0.0,
233,-1,173,noise_sustained,True,IBIRAL3,2025-10-19 18:00:00+00:00,2025-10-21 01:00:00+00:00,32,anemometer|wind_vane,2,zscore,2,8.013852064658371,0.6197493786472293,0.0,mad_high|stuck_variance_zero,0.0,
234,-1,173,noise_sustained,False,IBARAS3,2026-01-19 12:00:00+00:00,2026-01-20 19:00:00+00:00,32,barometer,1,zscore,2,9.49815498155009,0.7668205464055862,0.9318215579724454,iforest_outlier|mad_high,0.0,
235,-1,173,noise_sustained,True,INUQAT10,2025-11-17 11:00:00+00:00,2025-11-18 17:00:00+00:00,31,anemometer|thermo_hygrometer,2,iforest,3,5.666666666666667,0.7580771875401267,0.0,iforest_outlier|mad_high|stuck_variance_zero,0.0,
236,-1,173,noise_sustained,True,IJANZO2,2026-03-04 11:00:00+00:00,2026-03-05 17:00:00+00:00,31,anemometer|thermo_hygrometer,2,iforest,3,3.7,0.7367096808194812,0.0,iforest_outlier|mad_high|stuck_variance_zero,0.0,
237,-1,173,noise_sustained,False,IDERNA7,2025-12-20 11:00:00+00:00,2025-12-21 16:00:00+00:00,30,barometer,1,zscore,1,10.627450980392378,0.7475178648270832,0.2862775362478303,mad_high,0.0,
238,-1,173,noise_sustained,False,IDERNA7,2026-01-06 22:00:00+00:00,2026-01-08 02:00:00+00:00,29,barometer|thermo_hygrometer,2,zscore,2,8.960784313725636,0.7721346777036949,8.114130434785654,iforest_outlier|mad_high,0.0,
239,-1,173,noise_sustained,True,IBIRAL3,2025-10-22 23:00:00+00:00,2025-10-23 23:00:00+00:00,25,anemometer|wind_vane,2,zscore,2,30.30339999490824,0.6148167228107688,0.0,mad_high|stuck_variance_zero,0.0,
240,-1,173,noise_check,False,ITRIPO32,2026-03-27 08:00:00+00:00,2026-03-27 15:00:00+00:00,8,light_uv,1,iforest,3,16503.0,0.8427674623987585,11.737318840579713,iforest_outlier|mad_high|physical_limit_breach|physical_suspect_breach,0.0,
241,-1,173,noise_check,False,ITRIPO32,2026-03-26 09:00:00+00:00,2026-03-26 15:00:00+00:00,7,light_uv,1,iforest,3,16183.235294117649,0.8427674623987585,,iforest_outlier|mad_high|physical_suspect_breach,0.0,
242,-1,173,noise_check,False,ITRIPO32,2026-03-17 09:00:00+00:00,2026-03-17 15:00:00+00:00,7,light_uv,1,iforest,2,10013.705882352942,0.8259496407212457,,iforest_outlier|mad_high,0.0,
243,-1,173,noise_check,False,ITRIPO32,2025-12-29 05:00:00+00:00,2025-12-29 05:00:00+00:00,1,light_uv|rain_gauge|thermo_hygrometer,3,iforest,2,6849.470588235294,0.8492353878335307,0.09592783099436325,iforest_outlier|mad_high,0.0,
244,-1,173,noise_check,False,ITRIPO32,2026-02-01 10:00:00+00:00,2026-02-01 14:00:00+00:00,5,anemometer|light_uv,2,iforest,2,6831.823529411765,0.7813763404898207,16.98369565217372,iforest_outlier|mad_high,0.0,
245,-1,173,noise_check,False,ITRIPO32,2025-11-26 10:00:00+00:00,2025-11-26 13:00:00+00:00,4,light_uv|thermo_hygrometer,2,zscore,1,5832.058823529413,0.7041221301435524,,mad_high,0.0,
246,-1,173,noise_check,False,ITRIPO32,2025-10-25 10:00:00+00:00,2025-10-25 16:00:00+00:00,7,light_uv|thermo_hygrometer,2,iforest,2,4824.764705882353,0.7665896456634157,7.384057971014478,iforest_outlier|mad_high,0.0,
247,-1,173,noise_check,False,ITRIPO33,2026-02-12 13:00:00+00:00,2026-02-12 13:00:00+00:00,1,anemometer|light_uv|thermo_hygrometer,3,iforest,2,4615.333333333334,0.7997838280193116,93.76630434782612,iforest_outlier|mad_high,0.0,
248,-1,173,noise_check,False,ITRIPO32,2026-02-06 11:00:00+00:00,2026-02-06 13:00:00+00:00,3,light_uv|thermo_hygrometer,2,iforest,2,4422.058823529413,0.7251993338807683,75.3043478260873,iforest_outlier|mad_high,0.0,
249,-1,173,noise_check,False,ITRIPO32,2025-11-16 11:00:00+00:00,2025-11-16 13:00:00+00:00,3,light_uv|thermo_hygrometer,2,zscore,1,4207.941176470589,0.7041221301435524,,mad_high,0.0,
250,-1,173,noise_check,False,ITRIPO32,2025-10-26 09:00:00+00:00,2025-10-26 10:00:00+00:00,2,light_uv|thermo_hygrometer,2,iforest,2,4137.647058823531,0.769707955178843,4.630434782608511,iforest_outlier|mad_high,0.0,
251,-1,173,noise_check,False,ITRIPO32,2025-11-18 11:00:00+00:00,2025-11-18 13:00:00+00:00,3,light_uv|thermo_hygrometer,2,iforest,2,4033.588235294118,0.7280794642068077,,iforest_outlier|mad_high,0.0,
252,-1,173,noise_check,False,ITRIPO33,2026-03-12 11:00:00+00:00,2026-03-12 11:00:00+00:00,1,light_uv,1,iforest,2,3920.7222222222226,0.7870121789422854,53264.96329981893,iforest_outlier|mad_high,0.0,
253,-1,173,noise_check,False,ITRIPO33,2026-03-18 12:00:00+00:00,2026-03-18 12:00:00+00:00,1,light_uv,1,iforest,2,3846.888888888889,0.7843542688906779,,iforest_outlier|mad_high,0.0,
254,-1,173,noise_check,False,ITRIPO33,2026-02-23 11:00:00+00:00,2026-02-23 11:00:00+00:00,1,light_uv,1,iforest,2,3827.777777777778,0.7843542688906779,62333.07989112322,iforest_outlier|mad_high,0.0,
255,-1,173,noise_check,False,ITRIPO33,2026-03-17 11:00:00+00:00,2026-03-17 13:00:00+00:00,3,light_uv|rain_gauge|thermo_hygrometer,3,iforest,1,3783.7222222222226,0.8599119194776016,,iforest_outlier,0.0,
256,-1,173,noise_check,False,ITRIPO33,2026-02-22 11:00:00+00:00,2026-02-22 13:00:00+00:00,3,light_uv,1,iforest,1,3737.3333333333335,0.779065347480774,51359.250457971044,iforest_outlier,0.0,
257,-1,173,noise_check,False,ITRIPO33,2026-03-10 11:00:00+00:00,2026-03-10 12:00:00+00:00,2,light_uv,1,iforest,1,3702.0,0.7753843365185877,,iforest_outlier,0.0,
258,-1,173,noise_check,False,ITRIPO33,2026-03-06 13:00:00+00:00,2026-03-06 13:00:00+00:00,1,light_uv,1,iforest,1,3684.5000000000005,0.7732887158102155,43361.63660706525,iforest_outlier,0.0,
259,-1,173,noise_check,False,ITRIPO33,2026-03-13 12:00:00+00:00,2026-03-13 12:00:00+00:00,1,light_uv,1,iforest,1,3682.722222222223,0.7732887158102155,44331.24988695659,iforest_outlier,0.0,
260,-1,173,physical_limit,False,INUQAT9,2026-03-17 04:00:00+00:00,2026-03-17 22:00:00+00:00,19,light_uv|rain_gauge,2,physical,3,224.41135972461277,0.7972666313618212,,iforest_outlier|mad_high|physical_suspect_breach,0.0,
261,-1,173,physical_limit,False,IMURQU7,2026-01-08 11:00:00+00:00,2026-01-08 23:00:00+00:00,13,anemometer|barometer|rain_gauge,3,iforest,3,22.38235294117647,0.86671909595118,0.6377938811492755,iforest_outlier|mad_high|physical_limit_breach,0.0,
262,-1,173,physical_limit,False,INUQAT8,2025-10-25 10:00:00+00:00,2025-10-25 18:00:00+00:00,9,light_uv|thermo_hygrometer,2,zscore,3,679.0432692307693,0.8154647219931822,4.954710144927535,iforest_outlier|mad_high|physical_limit_breach,0.0,
263,-1,173,physical_limit,False,IMURQU7,2026-02-08 19:00:00+00:00,2026-02-08 23:00:00+00:00,5,barometer|rain_gauge,2,physical,3,14.294117647058824,0.8744987541079549,1.3146427536231928,iforest_outlier|mad_high|physical_limit_breach,0.0,
264,-1,173,physical_limit,False,IMURQU5,2026-03-16 11:00:00+00:00,2026-03-16 15:00:00+00:00,5,anemometer|light_uv,2,iforest,3,1976.8805970149253,0.8335999076610493,3.5199275362318887,iforest_outlier|mad_high|physical_suspect_breach,0.0,
265,-1,173,physical_limit,False,INUQAT9,2026-03-28 09:00:00+00:00,2026-03-28 13:00:00+00:00,5,anemometer|barometer|light_uv,3,iforest,3,253.1514629948365,0.7990561822210336,,iforest_outlier|mad_high|physical_limit_breach,0.0,
266,-1,173,physical_limit,False,IMURQU7,2026-02-01 12:00:00+00:00,2026-02-01 15:00:00+00:00,4,anemometer|rain_gauge,2,iforest,3,38.0,0.8135560162053634,,iforest_outlier|mad_high|physical_limit_breach,0.0,
267,-1,173,physical_limit,False,IBARAS3,2026-03-28 11:00:00+00:00,2026-03-28 14:00:00+00:00,4,light_uv,1,iforest,2,363.32336956521743,0.8358589723457853,,iforest_outlier|physical_suspect_breach,0.0,
268,-1,173,physical_limit,False,IMURQU7,2026-01-31 22:00:00+00:00,2026-02-01 00:00:00+00:00,3,anemometer|rain_gauge,2,iforest,3,26.0,0.8744987541079549,,iforest_outlier|mad_high|physical_limit_breach,0.0,
269,-1,173,physical_limit,False,IMURQU5,2026-03-13 11:00:00+00:00,2026-03-13 13:00:00+00:00,3,light_uv,1,iforest,2,1924.7164179104475,0.8329854565757321,,iforest_outlier|physical_suspect_breach,0.0,
270,-1,173,physical_limit,False,IMISRA12,2026-03-17 12:00:00+00:00,2026-03-17 14:00:00+00:00,3,anemometer|light_uv,2,iforest,3,246.04203152364272,0.7822400404903135,,iforest_outlier|mad_high|physical_limit_breach,0.0,
271,-1,173,physical_limit,False,IBARAS3,2026-03-24 11:00:00+00:00,2026-03-24 13:00:00+00:00,3,light_uv,1,iforest,2,352.7717391304348,0.8341641007919711,,iforest_outlier|physical_suspect_breach,0.0,
272,-1,173,physical_limit,False,IMURQU7,2026-03-25 10:00:00+00:00,2026-03-25 12:00:00+00:00,3,light_uv,1,iforest,3,538.5538461538462,0.8218396044512026,10.057971014492752,iforest_outlier|mad_high|physical_limit_breach|physical_suspect_breach,0.0,
273,-1,173,physical_limit,False,IMURQU7,2026-03-28 10:00:00+00:00,2026-03-28 12:00:00+00:00,3,light_uv,1,iforest,3,550.5038461538462,0.8257411542384044,8.891304347826088,iforest_outlier|mad_high|physical_limit_breach,0.0,
274,-1,173,physical_limit,False,IMURQU5,2026-03-07 11:00:00+00:00,2026-03-07 12:00:00+00:00,2,barometer|light_uv,2,iforest,3,1843.567164179104,0.8307846607908305,1.2168108695652171,iforest_outlier|mad_high|physical_suspect_breach,0.0,
275,-1,173,physical_limit,False,IBARAS3,2026-03-18 12:00:00+00:00,2026-03-18 13:00:00+00:00,2,light_uv,1,iforest,2,337.9972826086957,0.8313469485197347,,iforest_outlier|physical_suspect_breach,0.0,
276,-1,173,physical_limit,False,IBARAS3,2026-03-26 13:00:00+00:00,2026-03-26 14:00:00+00:00,2,light_uv,1,iforest,2,336.94293478260875,0.8313469485197347,,iforest_outlier|physical_suspect_breach,0.0,
277,-1,173,physical_limit,False,INUQAT9,2026-01-20 05:00:00+00:00,2026-01-20 05:00:00+00:00,1,anemometer|light_uv,2,iforest,3,33.5,0.8128009419127687,13.673913043478262,iforest_outlier|mad_high|physical_suspect_breach,0.0,
278,-1,173,physical_limit,False,IMURQU7,2026-02-01 08:00:00+00:00,2026-02-01 08:00:00+00:00,1,anemometer|barometer|rain_gauge,3,iforest,3,33.0,0.8744987541079549,,iforest_outlier|mad_high|physical_limit_breach,0.0,
279,1,135,physical_limit,False,IMURQU7,2026-02-01 17:00:00+00:00,2026-02-01 23:00:00+00:00,7,rain_gauge,1,physical,2,,0.8135560162053634,,iforest_outlier|physical_limit_breach,0.33195617143218425,
280,1,135,physical_limit,False,IMURQU7,2026-02-06 17:00:00+00:00,2026-02-06 23:00:00+00:00,7,rain_gauge,1,physical,2,,0.8744987541079549,,iforest_outlier|physical_limit_breach,0.32610333940724145,
281,1,135,physical_limit,False,IDERNA7,2025-06-16 09:00:00+00:00,2025-06-16 13:00:00+00:00,5,light_uv,1,physical,1,201.74120082815736,0.7098807215135293,,physical_limit_breach,0.7520712715143384,
282,1,135,physical_limit,False,IDERNA7,2025-06-19 09:00:00+00:00,2025-06-19 13:00:00+00:00,5,light_uv,1,physical,1,201.74120082815736,0.7098807215135293,,physical_limit_breach,0.7520712715143384,
283,1,135,physical_limit,False,IDERNA7,2025-06-20 09:00:00+00:00,2025-06-20 13:00:00+00:00,5,light_uv,1,physical,1,201.74120082815736,0.7098807215135293,,physical_limit_breach,0.7520712715143384,
284,1,135,physical_limit,False,IMURQU7,2026-01-29 07:00:00+00:00,2026-01-29 11:00:00+00:00,5,anemometer|rain_gauge,2,physical,3,19.0,0.8744987541079549,,iforest_outlier|mad_high|physical_limit_breach,0.33004085769243663,
285,1,135,physical_limit,False,INUQAT9,2026-03-29 09:00:00+00:00,2026-03-29 13:00:00+00:00,5,light_uv,1,physical,3,251.815834767642,0.7941436694790882,,iforest_outlier|mad_high|physical_limit_breach,0.7836483574422145,
286,1,135,physical_limit,False,IDERNA7,2025-07-03 09:00:00+00:00,2025-07-03 12:00:00+00:00,4,light_uv|wind_vane,2,physical,2,201.74120082815736,0.7098807215135293,,iforest_outlier|physical_limit_breach,0.353729603016324,
287,1,135,physical_limit,False,IDERNA7,2025-07-08 09:00:00+00:00,2025-07-08 12:00:00+00:00,4,light_uv,1,physical,1,200.66873706004142,0.7096566114993932,,physical_limit_breach,0.7520712715143384,
288,1,135,physical_limit,False,IMURQU6,2026-03-18 10:00:00+00:00,2026-03-18 13:00:00+00:00,4,light_uv,1,physical,2,503.4763636363636,0.8227995175645829,,iforest_outlier|physical_suspect_breach,1.0,
289,1,135,physical_limit,False,INUQAT9,2026-03-19 09:00:00+00:00,2026-03-19 12:00:00+00:00,4,light_uv,1,physical,3,247.1359724612737,0.7941436694790882,13.21014492753623,iforest_outlier|mad_high|physical_limit_breach,0.7823897257530583,
290,1,135,physical_limit,False,IMURQU6,2026-03-20 10:00:00+00:00,2026-03-20 13:00:00+00:00,4,light_uv,1,physical,2,493.5927272727273,0.8227995175645829,,iforest_outlier|physical_suspect_breach,1.0,
291,1,135,physical_limit,False,INUQAT9,2026-03-22 09:00:00+00:00,2026-03-22 12:00:00+00:00,4,light_uv,1,physical,3,231.0963855421687,0.7654804565989143,,iforest_outlier|mad_high|physical_suspect_breach,0.7836483574422145,
292,1,135,physical_limit,False,INUQAT9,2026-03-23 09:00:00+00:00,2026-03-23 12:00:00+00:00,4,light_uv,1,physical,3,254.4888123924269,0.8020392555280259,,iforest_outlier|mad_high|physical_limit_breach|physical_suspect_breach,0.7836483574422145,
293,1,135,physical_limit,False,IMISRA13,2026-03-24 10:00:00+00:00,2026-03-24 13:00:00+00:00,4,light_uv,1,physical,3,438.59999999999997,0.8002455946250335,8.737318840579714,iforest_outlier|mad_high|physical_limit_breach,0.7823897257530583,
294,1,135,physical_limit,False,IMISRA12,2026-03-25 10:00:00+00:00,2026-03-25 13:00:00+00:00,4,light_uv,1,physical,2,246.04203152364272,0.7822400404903135,,mad_high|physical_limit_breach,1.0,
295,1,135,physical_limit,False,IMISRA13,2026-03-25 10:00:00+00:00,2026-03-25 13:00:00+00:00,4,light_uv,1,physical,3,437.38749999999993,0.8002455946250335,11.302536231884064,iforest_outlier|mad_high|physical_limit_breach,0.7823897257530583,
296,1,135,physical_limit,False,IMISRA12,2026-03-26 10:00:00+00:00,2026-03-26 13:00:00+00:00,4,light_uv,1,physical,2,244.68126094570925,0.7822400404903135,,mad_high|physical_limit_breach,1.0,
297,1,135,physical_limit,False,INUQAT9,2026-03-27 10:00:00+00:00,2026-03-27 13:00:00+00:00,4,light_uv,1,physical,3,243.12564543889846,0.766539850316702,9.673913043478256,iforest_outlier|mad_high|physical_limit_breach,0.7823897257530583,
298,1,135,physical_limit,False,IMISRA12,2026-03-28 10:00:00+00:00,2026-03-28 13:00:00+00:00,4,light_uv,1,physical,3,254.88266199649735,0.8018645589001233,,iforest_outlier|mad_high|physical_limit_breach,0.7836483574422145,
299,1,135,physical_limit,False,IJABAL15,2026-03-29 10:00:00+00:00,2026-03-29 13:00:00+00:00,4,light_uv,1,physical,2,303.1166489925769,0.7748017247913891,,mad_high|physical_limit_breach,1.0,
300,1,135,physical_limit,False,IMISRA13,2026-03-29 10:00:00+00:00,2026-03-29 13:00:00+00:00,4,light_uv,1,physical,3,444.66875,0.8002455946250335,11.557971014492752,iforest_outlier|mad_high|physical_limit_breach,0.7823897257530583,
301,1,135,physical_limit,False,IMURQU7,2026-03-29 10:00:00+00:00,2026-03-29 13:00:00+00:00,4,light_uv,1,physical,3,551.9961538461539,0.8257411542384044,11.130434782608695,iforest_outlier|mad_high|physical_limit_breach,0.7823897257530583,
302,1,135,physical_limit,False,INALUT3,2026-03-29 10:00:00+00:00,2026-03-29 13:00:00+00:00,4,light_uv,1,physical,2,3553.1707317073174,0.7951082576843848,,iforest_outlier|physical_limit_breach|physical_suspect_breach,0.9524417195609038,
303,1,135,physical_limit,False,IMISRA12,2026-03-30 10:00:00+00:00,2026-03-30 13:00:00+00:00,4,light_uv,1,physical,3,252.84238178633976,0.8018645589001233,,iforest_outlier|mad_high|physical_limit_breach,0.7836483574422145,
304,1,135,physical_limit,False,INUQAT9,2026-03-31 09:00:00+00:00,2026-03-31 12:00:00+00:00,4,light_uv,1,physical,3,253.1514629948365,0.7941436694790882,,iforest_outlier|mad_high|physical_limit_breach,0.7836483574422145,
305,1,135,physical_limit,False,IDERNA7,2025-06-21 09:00:00+00:00,2025-06-21 11:00:00+00:00,3,light_uv,1,physical,1,202.27674258109042,0.7159690575594436,,physical_limit_breach,0.7520712715143384,
306,1,135,physical_limit,False,IDERNA7,2025-06-26 10:00:00+00:00,2025-06-26 12:00:00+00:00,3,light_uv,1,physical,1,200.66873706004142,0.7040981762296228,,physical_limit_breach,0.7520712715143384,
307,1,135,physical_limit,False,IDERNA7,2025-06-29 09:00:00+00:00,2025-06-29 11:00:00+00:00,3,light_uv,1,physical,1,200.66873706004142,0.700002673479946,,physical_limit_breach,0.7520712715143384,
308,1,135,physical_limit,False,IDERNA7,2025-07-01 09:00:00+00:00,2025-07-01 11:00:00+00:00,3,light_uv,1,physical,1,200.66873706004142,0.7042145920601425,,physical_limit_breach,0.7520712715143384,
309,1,135,physical_limit,False,IDERNA7,2025-07-05 10:00:00+00:00,2025-07-05 12:00:00+00:00,3,light_uv|wind_vane,2,physical,2,201.20427881297448,0.7061053627621112,0.2021045565501318,iforest_outlier|physical_limit_breach,0.35682865320356977,
310,1,135,physical_limit,False,IDERNA7,2025-07-06 10:00:00+00:00,2025-07-06 12:00:00+00:00,3,light_uv,1,physical,1,201.20427881297448,0.7042958004247111,,physical_limit_breach,0.7520712715143384,
311,1,135,physical_limit,False,IMURQU7,2026-01-09 21:00:00+00:00,2026-01-09 23:00:00+00:00,3,barometer|rain_gauge,2,physical,2,8.529411764705882,0.8731936724926257,,iforest_outlier|physical_limit_breach,0.33195617143218425,
312,1,135,physical_limit,False,INUQAT9,2026-03-14 10:00:00+00:00,2026-03-14 12:00:00+00:00,3,light_uv,1,physical,3,241.12048192771087,0.766539850316702,,iforest_outlier|mad_high|physical_limit_breach|physical_suspect_breach,0.7836483574422145,
313,1,135,physical_limit,False,IMURQU5,2026-03-14 11:00:00+00:00,2026-03-14 13:00:00+00:00,3,light_uv,1,physical,2,1971.0746268656715,0.8335999076610493,5.244565217391308,iforest_outlier|physical_suspect_breach,0.8624470778737746,
314,1,135,physical_limit,False,INUQAT9,2026-03-18 10:00:00+00:00,2026-03-18 12:00:00+00:00,3,light_uv,1,physical,3,249.14113597246129,0.7941436694790882,7.432971014492753,iforest_outlier|mad_high|physical_limit_breach,0.7823897257530583,
315,1,135,physical_limit,False,IJABAL15,2026-03-18 11:00:00+00:00,2026-03-18 13:00:00+00:00,3,light_uv,1,physical,2,300.6458112407211,0.7748017247913891,10.840579710144919,mad_high|physical_limit_breach,1.0,
316,1,135,physical_limit,False,ITAHLI1,2026-03-18 11:00:00+00:00,2026-03-18 13:00:00+00:00,3,light_uv,1,physical,2,645.731829573935,0.796812810734306,,iforest_outlier|physical_suspect_breach,1.0,
317,1,135,physical_limit,False,IJABAL15,2026-03-19 11:00:00+00:00,2026-03-19 13:00:00+00:00,3,light_uv,1,physical,2,296.5270413573701,0.7748017247913891,9.847826086956514,mad_high|physical_limit_breach,1.0,
318,1,135,physical_limit,False,IJABAL15,2026-03-20 11:00:00+00:00,2026-03-20 13:00:00+00:00,3,light_uv,1,physical,2,297.34994697773067,0.7748017247913891,9.101449275362311,mad_high|physical_limit_breach,1.0,
319,1,135,physical_limit,False,IMURQU7,2026-03-23 10:00:00+00:00,2026-03-23 12:00:00+00:00,3,light_uv,1,physical,3,537.0615384615385,0.8223958380295531,,iforest_outlier|mad_high|physical_suspect_breach,0.7836483574422145,
320,1,135,physical_limit,False,IJABAL15,2026-03-23 11:00:00+00:00,2026-03-23 13:00:00+00:00,3,light_uv,1,physical,2,298.9978791092259,0.7748017247913891,,mad_high|physical_limit_breach,1.0,
321,1,135,physical_limit,False,IMURQU7,2026-03-24 10:00:00+00:00,2026-03-24 12:00:00+00:00,3,light_uv,1,physical,3,525.1115384615385,0.8201731599749614,9.128623188405797,iforest_outlier|mad_high|physical_suspect_breach,0.7823897257530583,
322,1,135,physical_limit,False,IJABAL15,2026-03-24 11:00:00+00:00,2026-03-24 13:00:00+00:00,3,light_uv,1,physical,2,302.29162248144223,0.7748017247913891,11.826086956521731,mad_high|physical_limit_breach,1.0,
323,1,135,physical_limit,False,ITAHLI1,2026-03-24 11:00:00+00:00,2026-03-24 13:00:00+00:00,3,light_uv,1,physical,2,678.8195488721806,0.8161946890547512,6.085144927536236,iforest_outlier|physical_suspect_breach,1.0,
324,1,135,physical_limit,False,INALUT3,2026-03-25 10:00:00+00:00,2026-03-25 12:00:00+00:00,3,light_uv,1,physical,2,3486.8536585365855,0.779065347480774,,iforest_outlier|physical_limit_breach|physical_suspect_breach,0.9524417195609038,
325,1,135,physical_limit,False,IJABAL15,2026-03-25 11:00:00+00:00,2026-03-25 13:00:00+00:00,3,light_uv,1,physical,2,299.8207847295864,0.7748017247913891,11.043478260869557,mad_high|physical_limit_breach,1.0,
326,1,135,physical_limit,False,INUQAT9,2026-03-25 11:00:00+00:00,2026-03-25 13:00:00+00:00,3,light_uv,1,physical,3,249.14113597246129,0.7941436694790882,,iforest_outlier|mad_high|physical_limit_breach,0.7836483574422145,
327,1,135,physical_limit,False,IMURQU7,2026-03-26 10:00:00+00:00,2026-03-26 12:00:00+00:00,3,light_uv,1,physical,3,540.0461538461539,0.8223958380295531,10.282608695652172,iforest_outlier|mad_high|physical_limit_breach|physical_suspect_breach,0.7823897257530583,
328,1,135,physical_limit,False,IJANZO2,2026-03-26 11:00:00+00:00,2026-03-26 13:00:00+00:00,3,light_uv,1,physical,3,109.49477911646588,0.8128956608174601,8.302536231884057,iforest_outlier|mad_high|physical_suspect_breach,0.7823897257530583,
329,1,135,physical_limit,False,ITAHLI1,2026-03-26 11:00:00+00:00,2026-03-26 13:00:00+00:00,3,light_uv,1,physical,2,686.6090225563911,0.828434532941719,7.478260869565221,iforest_outlier|physical_suspect_breach,1.0,
330,1,135,physical_limit,False,INALUT3,2026-03-27 10:00:00+00:00,2026-03-27 12:00:00+00:00,3,light_uv,1,physical,2,3534.219512195122,0.7951082576843848,,iforest_outlier|physical_limit_breach|physical_suspect_breach,0.9524417195609038,
331,1,135,physical_limit,False,IJABAL15,2026-03-27 11:00:00+00:00,2026-03-27 13:00:00+00:00,3,light_uv,1,physical,3,307.2332979851538,0.796739254577269,10.867753623188403,iforest_outlier|mad_high|physical_limit_breach,0.7823897257530583,
332,1,135,physical_limit,False,IJANZO2,2026-03-27 11:00:00+00:00,2026-03-27 13:00:00+00:00,3,light_uv,1,physical,3,110.7421686746988,0.8128956608174601,9.586956521739127,iforest_outlier|mad_high|physical_suspect_breach,0.7823897257530583,
333,1,135,physical_limit,False,ITAHLI1,2026-03-27 11:00:00+00:00,2026-03-27 13:00:00+00:00,3,light_uv,1,physical,2,694.3934837092733,0.828434532941719,7.275362318840586,iforest_outlier|physical_suspect_breach,1.0,
334,1,135,physical_limit,False,IJANZO2,2026-03-28 11:00:00+00:00,2026-03-28 13:00:00+00:00,3,light_uv,1,physical,3,112.92530120481928,0.818446946894201,9.673913043478258,iforest_outlier|mad_high|physical_limit_breach|physical_suspect_breach,0.7823897257530583,
335,1,135,physical_limit,False,IMISRA13,2026-03-28 11:00:00+00:00,2026-03-28 13:00:00+00:00,3,light_uv,1,physical,3,442.2406249999999,0.8002455946250335,8.579710144927537,iforest_outlier|mad_high|physical_limit_breach,0.7823897257530583,
336,1,135,physical_limit,False,IJANZO2,2026-03-29 11:00:00+00:00,2026-03-29 13:00:00+00:00,3,light_uv,1,physical,3,109.80642570281124,0.8128956608174601,10.215579710144922,iforest_outlier|mad_high|physical_suspect_breach,0.7823897257530583,
337,1,135,physical_limit,False,IMISRA12,2026-03-29 11:00:00+00:00,2026-03-29 13:00:00+00:00,3,light_uv,1,physical,3,251.48161120840632,0.8018645589001233,,iforest_outlier|mad_high|physical_limit_breach,0.7836483574422145,
338,1,135,physical_limit,False,IMISRA13,2026-03-30 10:00:00+00:00,2026-03-30 12:00:00+00:00,3,light_uv,1,physical,3,450.73749999999995,0.8090691373839954,12.085144927536234,iforest_outlier|mad_high|physical_limit_breach,0.7823897257530583,
339,1,135,physical_limit,False,INALUT3,2026-03-31 11:00:00+00:00,2026-03-31 13:00:00+00:00,3,light_uv,1,physical,2,3534.219512195122,0.7951082576843848,,iforest_outlier|physical_limit_breach|physical_suspect_breach,0.9524417195609038,
340,1,135,physical_limit,False,IDERNA7,2025-06-23 09:00:00+00:00,2025-06-23 10:00:00+00:00,2,light_uv,1,physical,1,202.27674258109042,0.7159690575594436,,physical_limit_breach,0.7520712715143384,
341,1,135,physical_limit,False,IDERNA7,2025-06-24 08:00:00+00:00,2025-06-24 09:00:00+00:00,2,light_uv,1,physical,1,198.52449965493443,0.7067815873432374,,physical_limit_breach,0.7520712715143384,
342,1,135,physical_limit,False,IDERNA7,2025-07-04 11:00:00+00:00,2025-07-04 12:00:00+00:00,2,light_uv,1,physical,1,201.74120082815736,0.7098807215135293,,physical_limit_breach,0.7520712715143384,
343,1,135,physical_limit,False,IDERNA7,2025-07-07 10:00:00+00:00,2025-07-07 11:00:00+00:00,2,light_uv,1,physical,1,200.13319530710837,0.7061053627621112,,physical_limit_breach,0.7520712715143384,
344,1,135,physical_limit,False,IMURQU5,2025-10-06 11:00:00+00:00,2025-10-06 12:00:00+00:00,2,light_uv,1,physical,2,1878.3432835820895,0.8307846607908305,,iforest_outlier|physical_suspect_breach,0.9524417195609038,
345,1,135,physical_limit,False,INUQAT9,2026-03-12 10:00:00+00:00,2026-03-12 11:00:00+00:00,2,light_uv,1,physical,3,231.76419965576594,0.7649627181646446,,iforest_outlier|mad_high|physical_suspect_breach,0.7836483574422145,
346,1,135,physical_limit,False,INALUT3,2026-03-18 11:00:00+00:00,2026-03-18 12:00:00+00:00,2,light_uv,1,physical,2,3477.390243902439,0.778538420803912,,iforest_outlier|physical_limit_breach,0.9524417195609038,
347,1,135,physical_limit,False,INALUT3,2026-03-19 11:00:00+00:00,2026-03-19 12:00:00+00:00,2,light_uv,1,physical,2,3430.0243902439024,0.7705690199261863,,iforest_outlier|physical_limit_breach|physical_suspect_breach,0.9524417195609038,
348,1,135,physical_limit,False,INALUT3,2026-03-20 11:00:00+00:00,2026-03-20 12:00:00+00:00,2,light_uv,1,physical,2,3496.3414634146343,0.7801202709719055,,iforest_outlier|physical_limit_breach|physical_suspect_breach,0.9524417195609038,
349,1,135,physical_limit,False,IJANZO2,2026-03-20 12:00:00+00:00,2026-03-20 13:00:00+00:00,2,light_uv,1,physical,2,106.68755020080322,0.7691144505028038,230478.78154329746,iforest_outlier|physical_suspect_breach,1.0,
350,1,135,physical_limit,False,IJABAL15,2026-03-21 11:00:00+00:00,2026-03-21 12:00:00+00:00,2,light_uv,1,physical,2,297.34994697773067,0.7748017247913891,10.543478260869557,mad_high|physical_limit_breach,1.0,
351,1,135,physical_limit,False,IJANZO2,2026-03-22 12:00:00+00:00,2026-03-22 13:00:00+00:00,2,light_uv,1,physical,3,109.18313253012049,0.8128956608174601,6.998188405797097,iforest_outlier|mad_high|physical_suspect_breach,0.7823897257530583,
352,1,135,physical_limit,False,INALUT3,2026-03-23 11:00:00+00:00,2026-03-23 12:00:00+00:00,2,light_uv,1,physical,2,3553.1707317073174,0.7951082576843848,,iforest_outlier|physical_limit_breach,0.9524417195609038,
353,1,135,physical_limit,False,IJANZO2,2026-03-23 12:00:00+00:00,2026-03-23 13:00:00+00:00,2,light_uv,1,physical,3,109.80642570281124,0.8128956608174601,7.884057971014487,iforest_outlier|mad_high|physical_suspect_breach,0.7823897257530583,
354,1,135,physical_limit,False,IJANZO2,2026-03-24 12:00:00+00:00,2026-03-24 13:00:00+00:00,2,light_uv,1,physical,3,109.49477911646588,0.8128956608174601,7.853260869565215,iforest_outlier|mad_high|physical_suspect_breach,0.7823897257530583,
355,1,135,physical_limit,False,IMISRA12,2026-03-24 12:00:00+00:00,2026-03-24 13:00:00+00:00,2,light_uv,1,physical,2,250.80210157618214,0.7822400404903135,,mad_high|physical_limit_breach,1.0,
356,1,135,physical_limit,False,IJABAL15,2026-03-26 11:00:00+00:00,2026-03-26 12:00:00+00:00,2,light_uv,1,physical,2,298.1749734888653,0.7748017247913891,11.999999999999993,mad_high|physical_limit_breach,1.0,
357,1,135,physical_limit,False,INALUT3,2026-03-26 12:00:00+00:00,2026-03-26 13:00:00+00:00,2,light_uv,1,physical,2,3382.682926829268,0.7753843365185877,,iforest_outlier|physical_suspect_breach,0.9524417195609038,
358,1,135,physical_limit,False,IBARAS3,2026-03-27 12:00:00+00:00,2026-03-27 13:00:00+00:00,2,light_uv,1,physical,2,354.88043478260875,0.8341641007919711,,iforest_outlier|physical_suspect_breach,1.0,
359,1,135,physical_limit,False,IJABAL15,2026-03-28 10:00:00+00:00,2026-03-28 11:00:00+00:00,2,light_uv,1,physical,3,306.41039236479327,0.796739254577269,,iforest_outlier|mad_high|physical_limit_breach,0.7836483574422145,
360,1,135,physical_limit,False,INALUT3,2026-03-28 11:00:00+00:00,2026-03-28 12:00:00+00:00,2,light_uv,1,physical,2,3524.7560975609754,0.7951082576843848,,iforest_outlier|physical_limit_breach,0.9524417195609038,
361,1,135,physical_limit,False,IJABAL15,2026-03-30 11:00:00+00:00,2026-03-30 12:00:00+00:00,2,light_uv,1,physical,2,300.6458112407211,0.7748017247913891,12.346014492753623,mad_high|physical_limit_breach,1.0,
362,1,135,physical_limit,False,INUQAT9,2026-03-30 11:00:00+00:00,2026-03-30 12:00:00+00:00,2,light_uv,1,physical,3,253.1514629948365,0.7941436694790882,,iforest_outlier|mad_high|physical_limit_breach,0.7836483574422145,
363,1,135,physical_limit,False,IJANZO2,2026-03-30 12:00:00+00:00,2026-03-30 13:00:00+00:00,2,light_uv,1,physical,3,110.43052208835341,0.8128956608174601,8.45652173913043,iforest_outlier|mad_high|physical_suspect_breach,0.7823897257530583,
364,1,135,physical_limit,False,INALUT3,2026-03-30 12:00:00+00:00,2026-03-30 13:00:00+00:00,2,light_uv,1,physical,2,3591.048780487805,0.7951082576843848,11.650362318840575,iforest_outlier|physical_limit_breach,0.725063234136988,
365,1,135,physical_limit,False,IJANZO2,2026-03-31 11:00:00+00:00,2026-03-31 12:00:00+00:00,2,light_uv,1,physical,3,111.98955823293173,0.818446946894201,10.8695652173913,iforest_outlier|mad_high|physical_limit_breach,0.7823897257530583,
366,1,135,physical_limit,False,ITAHLI1,2026-03-31 11:00:00+00:00,2026-03-31 12:00:00+00:00,2,light_uv,1,physical,2,694.3934837092733,0.828434532941719,5.971014492753634,iforest_outlier|physical_suspect_breach,1.0,
367,1,135,physical_limit,False,IDERNA7,2025-06-18 09:00:00+00:00,2025-06-18 09:00:00+00:00,1,light_uv,1,physical,1,199.06073153899243,0.7042958004247111,,physical_limit_breach,0.7520712715143384,
368,1,135,physical_limit,False,IDERNA7,2025-06-18 13:00:00+00:00,2025-06-18 13:00:00+00:00,1,light_uv,1,physical,1,196.91718426501038,0.7036395504451588,,physical_limit_breach,0.7520712715143384,
369,1,135,physical_limit,False,IDERNA7,2025-06-21 13:00:00+00:00,2025-06-21 13:00:00+00:00,1,light_uv,1,physical,1,193.70117322291236,0.6974777410656586,,physical_limit_breach,0.7520712715143384,
370,1,135,physical_limit,False,IDERNA7,2025-06-22 13:00:00+00:00,2025-06-22 13:00:00+00:00,1,light_uv,1,physical,1,192.62870945479642,0.6994660545932894,,physical_limit_breach,0.7520712715143384,
371,1,135,physical_limit,False,IDERNA7,2025-06-27 09:00:00+00:00,2025-06-27 09:00:00+00:00,1,light_uv,1,physical,1,194.23671497584542,0.6975756171937018,,physical_limit_breach,0.7520712715143384,
372,1,135,physical_limit,False,IDERNA7,2025-06-28 13:00:00+00:00,2025-06-28 13:00:00+00:00,1,light_uv,1,physical,1,193.16425120772948,0.6971038067056388,,physical_limit_breach,0.7520712715143384,
373,1,135,physical_limit,False,IDERNA7,2025-06-29 13:00:00+00:00,2025-06-29 13:00:00+00:00,1,light_uv|wind_vane,2,physical,2,194.23671497584542,0.6975756171937018,,iforest_outlier|physical_limit_breach,0.3548550691459253,
374,1,135,physical_limit,False,IDERNA7,2025-08-18 21:00:00+00:00,2025-08-18 21:00:00+00:00,1,barometer,1,physical,3,59.764705882352935,0.8455284976397964,,iforest_outlier|mad_high|physical_limit_breach,0.377907102671344,
375,1,135,physical_limit,False,IJABAL15,2025-10-09 18:00:00+00:00,2025-10-09 18:00:00+00:00,1,barometer,1,physical,3,142.73529411764704,0.8055119853517966,,iforest_outlier|mad_high|physical_limit_breach,0.377907102671344,
376,1,135,physical_limit,False,INUQAT9,2025-10-30 20:00:00+00:00,2025-10-30 20:00:00+00:00,1,barometer,1,physical,3,59.764705882352935,0.7969593938373973,,iforest_outlier|mad_high|physical_limit_breach,0.377907102671344,
377,1,135,physical_limit,False,IZAWIY5,2025-11-17 11:00:00+00:00,2025-11-17 11:00:00+00:00,1,barometer,1,physical,3,59.764705882352935,0.8341910521636838,,iforest_outlier|mad_high|physical_limit_breach,0.377907102671344,
378,1,135,physical_limit,False,INALUT3,2025-12-28 15:00:00+00:00,2025-12-28 15:00:00+00:00,1,barometer,1,physical,3,59.764705882352935,0.8259522652847406,,iforest_outlier|mad_high|physical_limit_breach,0.377907102671344,
379,1,135,physical_limit,False,IJABAL14,2026-01-02 01:00:00+00:00,2026-01-02 01:00:00+00:00,1,light_uv,1,physical,3,18.0,0.8272336348313926,13.519927536231886,iforest_outlier|mad_high|physical_suspect_breach,0.7823897257530583,
380,1,135,physical_limit,False,IBARAS3,2026-01-21 19:00:00+00:00,2026-01-21 19:00:00+00:00,1,barometer,1,physical,3,67.08823529411764,0.8082517331190653,21.96393315217391,iforest_outlier|mad_high|physical_limit_breach,0.377907102671344,
381,1,135,physical_limit,False,IMURQU7,2026-01-22 07:00:00+00:00,2026-01-22 07:00:00+00:00,1,barometer,1,physical,3,62.61764705882352,0.8126145148377435,19.12074782608696,iforest_outlier|mad_high|physical_limit_breach,0.377907102671344,
382,1,135,physical_limit,False,IMURQU7,2026-01-27 11:00:00+00:00,2026-01-27 11:00:00+00:00,1,rain_gauge,1,physical,2,,0.86671909595118,,iforest_outlier|physical_limit_breach,0.32908560952260085,
383,1,135,physical_limit,False,IMURQU7,2026-01-27 19:00:00+00:00,2026-01-27 19:00:00+00:00,1,barometer|rain_gauge,2,physical,3,9.205882352941176,0.86671909595118,,iforest_outlier|mad_high|physical_limit_breach,0.31143839040525306,
384,1,135,physical_limit,False,IMURQU7,2026-01-30 14:00:00+00:00,2026-01-30 14:00:00+00:00,1,rain_gauge,1,physical,2,,0.8744987541079549,3.176424018866503,iforest_outlier|physical_limit_breach,0.32486873366896796,
385,1,135,physical_limit,False,IMURQU7,2026-02-17 10:00:00+00:00,2026-02-17 10:00:00+00:00,1,barometer|rain_gauge,2,physical,3,16.205882352941174,0.86671909595118,2.2969142930878625,iforest_outlier|mad_high|physical_limit_breach,0.3096312922438607,
386,1,135,physical_limit,False,ITAHLI1,2026-02-19 00:00:00+00:00,2026-02-19 00:00:00+00:00,1,barometer,1,physical,3,65.85294117647058,0.8225263158034665,21.158677536231888,iforest_outlier|mad_high|physical_limit_breach,0.377907102671344,
387,1,135,physical_limit,False,IZAWIY7,2026-02-20 15:00:00+00:00,2026-02-20 15:00:00+00:00,1,barometer,1,physical,3,68.94117647058823,0.7985489775898414,23.867043478260875,iforest_outlier|mad_high|physical_limit_breach,0.377907102671344,
388,1,135,physical_limit,False,INALUT3,2026-02-26 18:00:00+00:00,2026-02-26 18:00:00+00:00,1,barometer,1,physical,3,59.764705882352935,0.818510094548814,,iforest_outlier|mad_high|physical_limit_breach,0.377907102671344,
389,1,135,physical_limit,False,IJANZO4,2026-02-28 22:00:00+00:00,2026-02-28 22:00:00+00:00,1,barometer,1,physical,3,59.764705882352935,0.8669623641053774,,iforest_outlier|mad_high|physical_limit_breach,0.377907102671344,
390,1,135,physical_limit,False,IMURQU5,2026-03-10 12:00:00+00:00,2026-03-10 12:00:00+00:00,1,light_uv,1,physical,2,1889.9402985074626,0.8313469485197347,,iforest_outlier|physical_suspect_breach,0.9093573206904939,
391,1,135,physical_limit,False,INALUT3,2026-03-13 11:00:00+00:00,2026-03-13 11:00:00+00:00,1,light_uv,1,physical,2,3392.146341463415,0.7643380713569593,121134.68660797102,iforest_outlier|physical_suspect_breach,0.9524417195609038,
392,1,135,physical_limit,False,INALUT3,2026-03-14 11:00:00+00:00,2026-03-14 11:00:00+00:00,1,light_uv,1,physical,1,3420.560975609756,0.7608333971612308,124050.9490476449,physical_limit_breach,0.6672755058483416,
393,1,135,physical_limit,False,INALUT3,2026-03-16 11:00:00+00:00,2026-03-16 11:00:00+00:00,1,light_uv,1,physical,2,3382.682926829268,0.7679666419728087,,iforest_outlier|physical_suspect_breach,0.9524417195609038,
394,1,135,physical_limit,False,INUQAT9,2026-03-18 09:00:00+00:00,2026-03-18 09:00:00+00:00,1,light_uv,1,physical,2,225.74870912220314,0.7649627181646446,176906.4274548913,iforest_outlier|physical_suspect_breach,1.0,
395,1,135,physical_limit,False,IJANZO2,2026-03-19 12:00:00+00:00,2026-03-19 12:00:00+00:00,1,light_uv,1,physical,2,107.62329317269075,0.7706771528566296,229309.76146014512,iforest_outlier|physical_suspect_breach,1.0,
396,1,135,physical_limit,False,ITAHLI1,2026-03-20 11:00:00+00:00,2026-03-20 11:00:00+00:00,1,light_uv,1,physical,2,630.1578947368422,0.7896790957477572,159396.07101956534,iforest_outlier|physical_suspect_breach,1.0,
397,1,135,physical_limit,False,INALUT3,2026-03-21 11:00:00+00:00,2026-03-21 11:00:00+00:00,1,light_uv,1,physical,2,3439.5121951219508,0.7675549168411309,,iforest_outlier|physical_limit_breach,0.9524417195609038,
398,1,135,physical_limit,False,INUQAT9,2026-03-24 10:00:00+00:00,2026-03-24 10:00:00+00:00,1,light_uv,1,physical,2,223.74354561101552,0.7685942541895671,,iforest_outlier|physical_suspect_breach,1.0,
399,1,135,physical_limit,False,IJANZO2,2026-03-25 12:00:00+00:00,2026-03-25 12:00:00+00:00,1,light_uv,1,physical,2,107.93493975903615,0.7711987589074509,239777.91527373242,iforest_outlier|physical_suspect_breach,1.0,
400,1,135,physical_limit,False,IBARAS3,2026-03-25 13:00:00+00:00,2026-03-25 13:00:00+00:00,1,light_uv,1,physical,2,340.10869565217394,0.8313469485197347,,iforest_outlier|physical_suspect_breach,1.0,
401,1,135,physical_limit,False,INALUT3,2026-03-26 10:00:00+00:00,2026-03-26 10:00:00+00:00,1,light_uv,1,physical,2,3344.80487804878,0.778538420803912,,iforest_outlier|physical_suspect_breach,0.9524417195609038,
402,1,135,physical_limit,False,IJABAL15,2026-03-28 02:00:00+00:00,2026-03-28 02:00:00+00:00,1,barometer,1,physical,3,59.764705882352935,0.8033349390563755,,iforest_outlier|mad_high|physical_limit_breach,0.377907102671344,
403,1,135,physical_limit,False,ITRIPO33,2026-03-28 17:00:00+00:00,2026-03-28 17:00:00+00:00,1,barometer,1,physical,3,112.3529411764706,0.8287018640757988,,iforest_outlier|mad_high|physical_limit_breach,0.377907102671344,
404,1,135,physical_limit,False,INUQAT9,2026-03-30 09:00:00+00:00,2026-03-30 09:00:00+00:00,1,light_uv,1,physical,2,218.39759036144582,0.7653111072016195,,iforest_outlier|physical_suspect_breach,1.0,
405,1,135,physical_limit,False,IMISRA12,2026-03-31 11:00:00+00:00,2026-03-31 11:00:00+00:00,1,light_uv,1,physical,2,247.40105078809106,0.7822400404903135,,mad_high|physical_limit_breach,1.0,
406,1,135,physical_limit,False,IMURQU7,2026-03-31 11:00:00+00:00,2026-03-31 11:00:00+00:00,1,light_uv,1,physical,3,537.0615384615385,0.8223958380295531,,iforest_outlier|mad_high|physical_suspect_breach,0.7836483574422145,
407,29,31,physical_limit,False,ITAHLI1,2026-03-29 10:00:00+00:00,2026-03-29 13:00:00+00:00,4,light_uv,1,iforest,2,704.122807017544,0.8301177630432627,7.818840579710153,iforest_outlier|physical_limit_breach|physical_suspect_breach,1.0,
408,29,31,physical_limit,False,ITAHLI1,2026-03-23 11:00:00+00:00,2026-03-23 13:00:00+00:00,3,light_uv,1,iforest,2,671.0350877192983,0.8161946890547512,6.201086956521744,iforest_outlier|physical_suspect_breach,1.0,
409,29,31,physical_limit,False,ITAHLI1,2026-03-25 11:00:00+00:00,2026-03-25 13:00:00+00:00,3,light_uv,1,iforest,2,696.3383458646617,0.828434532941719,7.297101449275367,iforest_outlier|physical_suspect_breach,1.0,
410,29,31,physical_limit,False,ITAHLI1,2026-03-28 11:00:00+00:00,2026-03-28 13:00:00+00:00,3,light_uv,1,iforest,2,704.122807017544,0.8301177630432627,8.717391304347833,iforest_outlier|physical_limit_breach|physical_suspect_breach,1.0,
411,5,75,physical_limit,False,IJANZO4,2025-11-26 12:00:00+00:00,2025-11-26 12:00:00+00:00,1,anemometer|barometer,2,iforest,3,59.764705882352935,0.8669623641053774,,iforest_outlier|mad_high|physical_limit_breach,1.0,
412,5,75,physical_limit,False,IMURQU6,2026-03-16 18:00:00+00:00,2026-03-16 18:00:00+00:00,1,anemometer|barometer,2,iforest,3,60.47058823529411,0.8431249846475439,,iforest_outlier|mad_high|physical_limit_breach,1.0,
