station_a,station_b,distance_km,n_both_active_hours,n_offline_a,n_offline_b,n_both_offline,p_offline_a,p_offline_b,expected_both_offline_if_independent,cooccurrence_ratio
I90583612,IALWAH18,900.2902537346487,3687,3082,369,320,0.8359099538920531,0.1000813669650122,308.45077298616764,1.0374426911043932
I90583612,IBARAS3,53.78065168185605,3687,3082,502,439,0.8359099538920531,0.13615405478708978,419.6267968538107,1.0461676978006211
I90583612,IBIRAL3,39.02145338291991,3687,3082,466,432,0.8359099538920531,0.12639001898562516,389.5340385136967,1.1090173317031191
I90583612,IDERNA7,957.7367848173247,3687,3082,1669,1466,0.8359099538920531,0.4526715486845674,1395.1337130458367,1.0507953368852718
I90583612,IJABAL13,15.353775091257571,3687,3082,399,366,0.8359099538920531,0.10821806346623271,333.52807160292923,1.0973589066761646
I90583612,IJABAL14,21.342393464827285,3687,3082,332,287,0.8359099538920531,0.09004610794684025,277.52210469216163,1.0341518572668351
I90583612,IJABAL15,74.36490147350491,3687,3082,407,349,0.8359099538920531,0.11038784919989152,340.2153512340657,1.025820847689764
I90583612,IJABAL16,40.00705072309914,3687,3082,664,600,0.8359099538920531,0.1800922158936805,555.0442093843233,1.0809949727527892
I90583612,IJANZO2,105.27287048307909,3645,3041,381,345,0.8342935528120713,0.10452674897119342,317.86584362139916,1.0853635485633353
I90583612,IJANZO3,96.4344086420241,3662,3058,439,367,0.8350628072091754,0.1198798470780994,366.592572364828,1.00111139086246
I90583612,IJANZO4,104.1815522122107,3419,2825,2786,2292,0.8262649897630886,0.8148581456566247,2301.9742614799648,0.9956670838389166
I90583612,IMISRA12,246.05239451877947,3473,2959,437,397,0.8520011517420097,0.12582781456953643,372.3245033112583,1.0662741680155101
I90583612,IMISRA13,201.1984926860181,3687,3082,478,416,0.8359099538920531,0.12964469758611338,399.56495796040144,1.0411323408426305
I90583612,IMURQU5,113.08819825552143,3462,2867,965,872,0.8281340265742345,0.27874061236279607,799.1493356441364,1.0911602639288238
I90583612,IMURQU6,181.86292984697232,3462,2867,1445,1217,0.8281340265742345,0.4173887926054304,1196.653668399769,1.0170026901997795
I90583612,IMURQU7,159.50954126564628,3685,3081,476,417,0.8360922659430122,0.12917232021709635,397.97991858887383,1.047791560635939
I90583612,INALUT3,103.85766294878017,3659,3055,1398,1134,0.8349275758403936,0.38207160426346,1167.2287510248702,0.9715319289422111
I90583612,INUQAT10,89.6758635933239,3569,3016,651,583,0.8450546371532642,0.18240403474362565,550.1305687867749,1.0597484180632124
I90583612,INUQAT8,113.24206760213013,3647,3043,270,230,0.8343844255552509,0.07403345215245408,225.28379489991778,1.0209345066394029
I90583612,INUQAT9,84.53025371469423,3627,3023,562,503,0.833471188309898,0.15494899365867107,468.41080783016264,1.0738437106736844
I90583612,ITAHLI1,78.40578975527269,3674,3070,458,378,0.8356015242242787,0.1246597713663582,382.70549809471964,0.9877046498726939
I90583612,ITRIPO32,131.65415023516158,3582,2980,1856,1638,0.8319374651032942,0.5181462869905081,1544.075935231714,1.0608286565609812
I90583612,ITRIPO33,119.00093717049711,3553,2983,557,498,0.839572192513369,0.15676892766676048,467.64171122994657,1.0649178378254753
I90583612,IZAWIY5,86.74993627308899,3687,3082,474,411,0.8359099538920531,0.12855980471928397,396.2213181448332,1.037299057820419
I90583612,IZAWIY7,91.66800741962604,3687,3082,469,407,0.8359099538920531,0.12720368863574721,392.0417683753729,1.0381546886869077
IALWAH18,IBARAS3,858.9195973430495,4228,404,562,217,0.09555345316934721,0.13292336802270577,53.70104068117313,4.040890032063705
IALWAH18,IBIRAL3,904.9031759757489,4250,404,583,246,0.09505882352941177,0.1371764705882353,55.41929411764706,4.438887284954911
IALWAH18,IDERNA7,425.09213981708933,4998,447,2296,324,0.0894357743097239,0.45938375350140054,205.34453781512605,1.577835979702079
IALWAH18,IJABAL13,898.6519694517569,4239,401,431,237,0.09459778249587167,0.10167492333097429,40.771644255720695,5.81286343306467
IALWAH18,IJABAL14,918.0248557673087,4256,404,426,216,0.09492481203007519,0.10009398496240601,40.43796992481203,5.3415144331334545
IALWAH18,IJABAL15,838.0688514573457,4256,404,431,267,0.09492481203007519,0.1012687969924812,40.912593984962406,6.526107831200753
IALWAH18,IJABAL16,867.951915929484,4227,404,725,217,0.09557605867045185,0.17151644192098414,69.2926425360776,3.1316456128371457
IALWAH18,IJANZO2,890.7086415653675,4164,404,408,180,0.09702209414024976,0.09798270893371758,39.585014409221905,4.547175305765871
IALWAH18,IJANZO3,900.4352776529939,4181,404,463,190,0.09662760105237982,0.1107390576417125,44.73857928725186,4.2468939118533875
IALWAH18,IJANZO4,866.8306274613647,3538,343,2863,323,0.09694742792538157,0.8092142453363482,277.5604861503674,1.1637103122272812
IALWAH18,IMISRA12,672.1934249749501,3992,331,494,209,0.08291583166332665,0.12374749498997996,40.960420841683366,5.102486637229839
IALWAH18,IMISRA13,734.5404696482832,4283,404,584,265,0.0943264067242587,0.13635302358160167,55.08662152696707,4.810605418418555
IALWAH18,IMURQU5,812.595571461042,3965,373,1001,194,0.09407313997477931,0.25245901639344265,94.16721311475409,2.06016503603635
IALWAH18,IMURQU6,778.1614126474533,3602,351,1464,208,0.0974458634092171,0.40644086618545255,142.66074403109383,1.4580044525399718
IALWAH18,IMURQU7,782.0272821987522,4204,404,639,230,0.0960989533777355,0.15199809705042816,61.407231208372984,3.7454872247788153
IALWAH18,INALUT3,1000.3731273093186,4178,404,1562,258,0.09669698420296793,0.37386309238870274,151.04068932503594,1.7081489839124753
IALWAH18,INUQAT10,945.7931025092751,4088,403,679,230,0.0985812133072407,0.1660958904109589,66.93664383561644,3.4360850323603898
IALWAH18,INUQAT8,981.6035288021835,4166,404,291,190,0.09697551608257321,0.06985117618819012,28.219875180028808,6.732843387431526
IALWAH18,INUQAT9,932.8994162692786,4146,404,685,247,0.0974433188615533,0.1652194886637723,66.74867342016401,3.700448074004481
IALWAH18,ITAHLI1,872.308466001155,4193,404,499,250,0.09635106129263057,0.11900787025995707,48.07917958502266,5.199755947538642
IALWAH18,ITRIPO32,860.5191118047845,3700,363,1922,270,0.0981081081081081,0.5194594594594595,188.56378378378378,1.4318762308545678
IALWAH18,ITRIPO33,879.4929955361641,4033,390,651,253,0.09670220679394992,0.16141829903297794,62.9531366228614,4.0188624995076605
IALWAH18,IZAWIY5,922.4313667634484,4250,404,565,183,0.09505882352941177,0.13294117647058823,53.70823529411764,3.4072986944712174
IALWAH18,IZAWIY7,904.1281587687238,4215,404,490,209,0.09584816132858838,0.1162514827995255,46.965599051008304,4.45006566983229
IBARAS3,IBIRAL3,46.10933177347184,4228,562,576,228,0.13292336802270577,0.13623462630085148,76.56385998107854,2.9779062870699877
IBARAS3,IDERNA7,905.2641562724161,3992,539,1816,309,0.13502004008016033,0.45490981963927857,245.19639278557116,1.260214297973895
IBARAS3,IJABAL13,44.224473012820106,4194,562,427,264,0.134000953743443,0.10181211254172627,57.21840724845016,4.613899839149242
IBARAS3,IJABAL14,75.07721870764338,4228,562,426,152,0.13292336802270577,0.10075685903500473,56.625354777672655,2.6843098925701305
IBARAS3,IJABAL15,75.8525493618402,4228,562,431,310,0.13292336802270577,0.10193945127719962,57.289971617786186,5.4110691844671415
IBARAS3,IJABAL16,14.02985302043116,4227,562,725,235,0.13295481428909392,0.17151644192098414,96.39224035959309,2.4379555773714565
IBARAS3,IJANZO2,75.31002021186977,4164,538,408,215,0.1292026897214217,0.09798270893371758,52.71469740634006,4.078558932866827
IBARAS3,IJANZO3,72.85741595848769,4181,542,463,221,0.12963405883759865,0.1107390576417125,60.020569241808175,3.682071043172635
IBARAS3,IJANZO4,63.191336520805315,3538,464,2863,419,0.13114754098360656,0.8092142453363482,375.47540983606564,1.115918616835487
IBARAS3,IMISRA12,196.26819099076252,3992,485,494,200,0.12149298597194388,0.12374749498997996,60.017535070140276,3.3323594473892904
IBARAS3,IMISRA13,148.1088171518185,4228,562,584,294,0.13292336802270577,0.13812677388836328,77.62724692526017,3.7873299858626237
IBARAS3,IMURQU5,59.35684957122975,3936,530,1001,306,0.13465447154471544,0.2543191056910569,134.78912601626016,2.270212806061863
IBARAS3,IMURQU6,128.3472343880615,3581,508,1464,303,0.14185981569394024,0.4088243507400168,207.6827701759285,1.4589558861494771
IBARAS3,IMURQU7,105.72889815769271,4204,562,639,222,0.13368220742150333,0.15199809705042816,85.42293054234062,2.5988338094999417
IBARAS3,INALUT3,154.9736466874472,4178,539,1562,282,0.12900909526089038,0.37386309238870274,201.51220679751077,1.3994189457880697
IBARAS3,INUQAT10,95.7619296178009,4088,538,679,212,0.13160469667318983,0.1660958904109589,89.35958904109589,2.372437052082934
IBARAS3,INUQAT8,129.39859827986976,4166,538,291,190,0.12914066250600095,0.06985117618819012,37.579932789246286,5.0558898299671675
IBARAS3,INUQAT9,84.69183642630215,4146,538,685,275,0.1297636275928606,0.1652194886637723,88.88808490110951,3.0937779827965155
IBARAS3,ITAHLI1,40.042147147654134,4193,554,499,254,0.13212497018840924,0.11900787025995707,65.93036012401622,3.8525498650731063
IBARAS3,ITRIPO32,89.07904248611038,3700,508,1922,310,0.1372972972972973,0.5194594594594595,263.88540540540544,1.174752349504699
IBARAS3,ITRIPO33,83.13348836332764,4033,538,651,243,0.13339945450037194,0.16141829903297794,86.84304487974214,2.798151542665273
IBARAS3,IZAWIY5,79.11844418928193,4228,562,565,262,0.13292336802270577,0.1336329233680227,75.10170293282876,3.4886026517179483
IBARAS3,IZAWIY7,71.24456916235161,4215,562,490,254,0.13333333333333333,0.1162514827995255,65.33333333333333,3.8877551020408165
IBIRAL3,IDERNA7,944.6173354463419,4014,496,1838,279,0.12356751370204284,0.45789735924265074,227.11709018435477,1.2284412404787812
IBIRAL3,IJABAL13,24.230248363972667,4216,582,429,251,0.13804554079696393,0.10175521821631879,59.22153700189753,4.238322959972445
IBIRAL3,IJABAL14,52.685431386176546,4250,583,426,299,0.1371764705882353,0.10023529411764706,58.437176470588234,5.116605867336667
IBIRAL3,IJABAL15,102.87221191447152,4250,583,431,248,0.1371764705882353,0.10141176470588235,59.12305882352941,4.194640888595273
IBIRAL3,IJABAL16,39.67186603255664,4227,575,725,264,0.13603028152353916,0.17151644192098414,98.62195410456587,2.676888755622189
IBIRAL3,IJANZO2,68.09706169243633,4164,534,408,207,0.1282420749279539,0.09798270893371758,52.32276657060519,3.9562128222075343
IBIRAL3,IJANZO3,58.133291145080875,4181,534,463,212,0.1277206409949773,0.1107390576417125,59.13465678067448,3.585038140768963
IBIRAL3,IJANZO4,71.84141598371701,3538,453,2863,424,0.1280384397964952,0.8092142453363482,366.5740531373658,1.1566557872035614
IBIRAL3,IMISRA12,240.08032828545805,3992,493,494,201,0.12349699398797595,0.12374749498997996,61.00751503006011,3.294676072299645
IBIRAL3,IMISRA13,187.94853356937875,4250,583,584,321,0.1371764705882353,0.13741176470588234,80.1110588235294,4.006937428041073
IBIRAL3,IMURQU5,98.64144623065386,3958,565,1001,289,0.1427488630621526,0.25290550783223853,142.89161192521476,2.0225120012730633
IBIRAL3,IMURQU6,160.91147092632525,3602,478,1464,267,0.13270405330372015,0.40644086618545255,194.2787340366463,1.3743140818986213
IBIRAL3,IMURQU7,142.02861355614874,4204,552,639,252,0.1313035204567079,0.15199809705042816,83.90294957183634,3.0034700959379466
IBIRAL3,INALUT3,117.58113272488697,4178,534,1562,373,0.12781235040689326,0.37386309238870274,199.64289133556727,1.8683359948591787
IBIRAL3,INUQAT10,55.67059924970311,4088,534,679,251,0.13062622309197652,0.1660958904109589,88.69520547945206,2.829916212981196
IBIRAL3,INUQAT8,85.85905660818308,4166,534,291,187,0.12818050888142102,0.06985117618819012,37.30052808449352,5.013333848153725
IBIRAL3,INUQAT9,47.81694008818197,4146,534,685,311,0.1287988422575977,0.1652194886637723,88.22720694645442,3.5249897482161896
IBIRAL3,ITAHLI1,48.04647588268435,4193,541,499,233,0.1290245647507751,0.11900787025995707,64.38325781063678,3.618953248456247
IBIRAL3,ITRIPO32,98.56023086047878,3700,429,1922,345,0.11594594594594594,0.5194594594594595,222.8481081081081,1.5481396854966054
IBIRAL3,ITRIPO33,83.19740182275714,4033,524,651,235,0.12992809323084553,0.16141829903297794,84.58318869328045,2.7783298741806495
IBIRAL3,IZAWIY5,48.1941790483879,4250,583,565,267,0.1371764705882353,0.13294117647058823,77.50470588235294,3.444952109169842
IBIRAL3,IZAWIY7,53.024787810025465,4215,563,490,213,0.133570581257414,0.1162514827995255,65.44958481613286,3.25441331061732
IDERNA7,IJABAL13,949.4804706126015,4005,1833,413,346,0.45767790262172287,0.1031210986267166,189.02097378277156,1.8304846974158187
IDERNA7,IJABAL14,978.8825202714892,4020,1844,339,225,0.45870646766169154,0.08432835820895522,155.50149253731342,1.4469314495229686
IDERNA7,IJABAL15,920.7078610647517,4020,1844,414,274,0.45870646766169154,0.10298507462686567,189.90447761194028,1.4428306454148199
IDERNA7,IJABAL16,918.244579371539,3991,1815,672,342,0.45477323978952644,0.16837885241794037,305.60761713856175,1.1190820543093272
IDERNA7,IJANZO2,901.691548664846,3928,1765,391,251,0.4493380855397149,0.0995417515274949,175.6911914460285,1.4286430522449156
IDERNA7,IJANZO3,914.4353311363813,3945,1769,443,258,0.44841571609632447,0.11229404309252218,198.64816223067174,1.2987786904386684
IDERNA7,IJANZO4,882.79873282097,3419,1548,2786,1220,0.45276396607195085,0.8148581456566247,1261.400409476455,0.9671790105937588
IDERNA7,IMISRA12,714.4447830383596,3756,1697,465,270,0.45181043663471776,0.12380191693290735,210.09185303514374,1.2851521660615508
IDERNA7,IMISRA13,757.2976217989165,4047,1871,493,345,0.4623177662466024,0.12181863108475414,227.922658759575,1.5136713562293271
IDERNA7,IMURQU5,846.8034932235907,3731,1710,976,457,0.45832216563923883,0.26159206647011524,447.3224336638971,1.0216344310229124
IDERNA7,IMURQU6,785.7037848795483,3602,1675,1464,804,0.4650194336479733,0.40644086618545255,680.788450860633,1.1809836065573769
IDERNA7,IMURQU7,802.6267933990296,3968,1792,524,243,0.45161290322580644,0.13205645161290322,236.64516129032256,1.0268538713195203
IDERNA7,INALUT3,1060.180633480487,3942,1766,1424,691,0.44799594114662605,0.36123795027904615,637.9462201927954,1.0831634048888494
IDERNA7,INUQAT10,964.6519669204855,3852,1747,664,400,0.4535306334371755,0.17237798546209762,301.1443406022845,1.3282667016089544
IDERNA7,INUQAT8,996.9731894094574,3930,1765,273,203,0.4491094147582697,0.06946564885496183,122.60687022900763,1.6556984092394857
IDERNA7,INUQAT9,952.5027726449039,3910,1764,597,353,0.451150895140665,0.1526854219948849,269.33708439897697,1.3106253109842485
IDERNA7,ITAHLI1,899.500482650326,3957,1781,483,266,0.450088450846601,0.12206216830932524,217.39272175890827,1.2235920220686962
IDERNA7,ITRIPO32,864.5254129555497,3700,1668,1922,927,0.4508108108108108,0.5194594594594595,866.4583783783785,1.0698725099005082
IDERNA7,ITRIPO33,885.7391731930908,3799,1681,636,365,0.44248486443801,0.16741247696762307,281.42037378257436,1.2969920944032267
IDERNA7,IZAWIY5,940.2632273964591,4014,1838,475,280,0.45789735924265074,0.11833582461385152,217.5012456402591,1.2873489490865357
IDERNA7,IZAWIY7,920.0230422562837,3979,1803,475,285,0.4531289268660467,0.11937672782106057,215.2362402613722,1.324126455906822
IJABAL13,IJABAL14,33.45645019118276,4222,429,426,219,0.10161061108479394,0.10090004737091426,43.286120322122215,5.059358481893693
IJABAL13,IJABAL15,82.10549236633982,4222,429,431,283,0.10161061108479394,0.10208432022738038,43.79417337754619,6.4620468471976595
IJABAL13,IJABAL16,31.866283381169104,4193,427,725,227,0.1018363939899833,0.17290722632959696,73.8313856427379,3.0745732052006782
IJABAL13,IJANZO2,89.92938493990863,4130,403,408,213,0.09757869249394673,0.09878934624697337,39.81210653753026,5.3501313676835505
IJABAL13,IJANZO3,81.11755843028665,4147,407,463,234,0.09814323607427056,0.11164697371593924,45.44031830238727,5.149611814838597
IJABAL13,IJANZO4,89.46174147239883,3538,373,2863,351,0.10542679479932165,0.8092142453363482,301.8369135104579,1.1628796356209716
IJABAL13,IMISRA12,239.84361477022549,3958,355,494,194,0.08969176351692774,0.12481051035876706,44.30773117736231,4.378468381137024
IJABAL13,IMISRA13,192.27243790098822,4239,431,584,310,0.10167492333097429,0.13776834158999765,59.378155225288985,5.220775196262276
IJABAL13,IMURQU5,103.13415606278379,3965,424,1001,221,0.10693568726355612,0.25245901639344265,107.04262295081969,2.0645981377113447
IJABAL13,IMURQU6,170.38736812008094,3602,406,1464,303,0.11271515824541921,0.40644086618545255,165.01499167129373,1.8361968020673505
IJABAL13,IMURQU7,148.99830172057844,4170,427,635,167,0.10239808153477219,0.15227817745803357,65.02278177458034,2.56833059801951
IJABAL13,INALUT3,110.75209089632294,4144,404,1558,297,0.09749034749034749,0.37596525096525096,151.8899613899614,1.9553629303880322
IJABAL13,INUQAT10,77.54473646582836,4054,403,675,247,0.09940799210656143,0.16650222002960038,67.10039467192895,3.6810513739546002
IJABAL13,INUQAT8,104.05417579065458,4132,403,291,190,0.09753146176185866,0.07042594385285576,28.381655372700873,6.694465051631663
IJABAL13,INUQAT9,71.17124072208189,4112,403,684,260,0.09800583657587549,0.16634241245136186,67.03599221789884,3.878513488021128
IJABAL13,ITAHLI1,63.8461051856256,4159,419,499,241,0.10074537148352969,0.11998076460687665,50.271940370281314,4.793926755659291
IJABAL13,ITRIPO32,116.89041244723101,3700,385,1922,256,0.10405405405405406,0.5194594594594595,199.99189189189192,1.2800518939957024
IJABAL13,ITRIPO33,103.78550838175924,4033,403,651,265,0.09992561368708158,0.16141829903297794,65.05157451029011,4.073690790652289
IJABAL13,IZAWIY5,72.38040442615741,4216,429,565,205,0.10175521821631879,0.1340132827324478,57.491698292220114,3.5657322029003446
IJABAL13,IZAWIY7,76.41907860742482,4181,427,490,256,0.10212867734991629,0.11719684286055967,50.04305190145898,5.115595277923816
IJABAL14,IJABAL15,85.28231110391717,4256,426,431,196,0.10009398496240601,0.1012687969924812,43.14050751879699,4.54329379214187
IJABAL14,IJABAL16,61.346686985627144,4227,426,725,235,0.10078069552874379,0.17151644192098414,73.06600425833923,3.2162700339970867
IJABAL14,IJANZO2,120.77470975706721,4164,412,408,148,0.0989433237271854,0.09798270893371758,40.36887608069164,3.6661907481439178
IJABAL14,IJANZO3,110.63597178143812,4181,415,463,186,0.09925855058598422,0.1107390576417125,45.95670892131069,4.047287204975409
IJABAL14,IJANZO4,122.46874518789797,3538,343,2863,304,0.09694742792538157,0.8092142453363482,277.5604861503674,1.0952567644492057
IJABAL14,IMISRA12,266.698960629721,3992,385,494,164,0.09644288577154309,0.12374749498997996,47.642785571142284,3.442284031757716
IJABAL14,IMISRA13,222.50612529224233,4256,426,584,251,0.10009398496240601,0.13721804511278196,58.45488721804511,4.293909576178533
IJABAL14,IMURQU5,134.4112324394784,3964,423,1001,151,0.10671039354187689,0.25252270433905144,106.81710393541876,1.4136312859717117
IJABAL14,IMURQU6,202.9586593072099,3602,336,1464,206,0.09328151027207107,0.40644086618545255,136.56413103831207,1.5084488030184748
IJABAL14,IMURQU7,180.79481207059501,4204,421,639,226,0.10014272121788773,0.15199809705042816,63.991198858230256,3.5317356766622434
IJABAL14,INALUT3,83.7952546209,4178,415,1562,305,0.0993298228817616,0.37386309238870274,155.15318334131163,1.9657991762183176
IJABAL14,INUQAT10,94.359902798529,4088,410,679,197,0.10029354207436399,0.1660958904109589,68.09931506849315,2.8928337943173243
IJABAL14,INUQAT8,111.80213749887702,4166,414,291,145,0.09937590014402305,0.06985117618819012,28.91838694191071,5.014110928499094
IJABAL14,INUQAT9,92.02904549294217,4146,410,685,270,0.09889049686444766,0.1652194886637723,67.73999035214665,3.9858287341997505
IJABAL14,ITAHLI1,97.0723612175785,4193,421,499,217,0.10040543763415216,0.11900787025995707,50.10231337944193,4.331137334050523
IJABAL14,ITRIPO32,149.78260862213034,3700,320,1922,207,0.08648648648648649,0.5194594594594595,166.22702702702705,1.2452848595213317
IJABAL14,ITRIPO33,135.60872779209276,4033,407,651,196,0.10091743119266056,0.16141829903297794,65.69724770642203,2.98338220918866
IJABAL14,IZAWIY5,96.79694996813967,4250,426,565,206,0.10023529411764706,0.13294117647058823,56.63294117647059,3.6374589721218165
IJABAL14,IZAWIY7,105.28201419465785,4215,426,490,174,0.10106761565836299,0.1162514827995255,49.52313167259786,3.5135096292037944
IJABAL15,IJABAL16,69.46939500837128,4227,431,725,266,0.10196356754199196,0.17151644192098414,73.92358646794418,3.598310264821185
IJABAL15,IJANZO2,151.05435916737272,4164,407,408,231,0.09774255523535062,0.09798270893371758,39.87896253602305,5.792527821939587
IJABAL15,IJANZO3,147.53978424443474,4181,411,463,195,0.09830184166467353,0.1107390576417125,45.51375269074384,4.2844192902524005
IJABAL15,IJANZO4,138.12019934535755,3538,383,2863,361,0.10825325042396834,0.8092142453363482,309.9290559638214,1.1647826915658408
IJABAL15,IMISRA12,207.20354518117992,3992,335,494,233,0.08391783567134269,0.12374749498997996,41.455410821643284,5.620496706749653
IJABAL15,IMISRA13,179.59216451489485,4256,431,584,284,0.1012687969924812,0.13721804511278196,59.140977443609025,4.8020849887169055
IJABAL15,IMURQU5,110.53390860955385,3964,429,1001,261,0.10822401614530777,0.25252270433905144,108.33224016145307,2.409255080583752
IJABAL15,IMURQU6,178.13764031540532,3602,410,1464,243,0.11382565241532482,0.40644086618545255,166.64075513603552,1.4582267093162735
IJABAL15,IMURQU7,151.87924400931558,4204,431,639,233,0.10252140818268315,0.15199809705042816,65.51117982873454,3.5566448445766112
IJABAL15,INALUT3,163.10496485011507,4178,408,1562,284,0.09765438008616563,0.37386309238870274,152.53614169459073,1.8618538324420677
IJABAL15,INUQAT10,158.49115103593937,4088,407,679,189,0.09955968688845401,0.1660958904109589,67.60102739726028,2.795815496846424
IJABAL15,INUQAT8,186.14218165332824,4166,407,291,188,0.09769563130100817,0.06985117618819012,28.42942870859338,6.612865911834983
IJABAL15,INUQAT9,150.33871305209857,4146,407,685,309,0.09816690786300049,0.1652194886637723,67.24433188615534,4.595182840438315
IJABAL15,ITAHLI1,115.894655947808,4193,423,499,289,0.10088242308609588,0.11900787025995707,50.340329119961844,5.74092392823472
IJABAL15,ITRIPO32,162.36382305020854,3700,387,1922,268,0.1045945945945946,0.5194594594594595,201.0308108108108,1.3331289811700238
IJABAL15,ITRIPO33,158.71363818620455,4033,407,651,235,0.10091743119266056,0.16141829903297794,65.69724770642203,3.5770143834659955
IJABAL15,IZAWIY5,148.41085407457933,4250,431,565,206,0.10141176470588235,0.13294117647058823,57.29764705882353,3.595261072213211
IJABAL15,IZAWIY7,145.03991616850078,4215,431,490,282,0.1022538552787663,0.1162514827995255,50.104389086595496,5.62824944362896
IJABAL16,IJANZO2,82.74043195633655,4164,719,408,267,0.17267050912584053,0.09798270893371758,70.44956772334294,3.7899451853063897
IJABAL16,IJANZO3,78.22976463050499,4181,719,463,250,0.17196842860559675,0.1107390576417125,79.62138244439129,3.1398600768405847
IJABAL16,IJANZO4,73.80588623782069,3538,695,2863,616,0.19643866591294518,0.8092142453363482,562.403900508762,1.095298235739037
IJABAL16,IMISRA12,207.98633522571532,3992,671,494,246,0.16808617234468937,0.12374749498997996,83.03456913827654,2.962621502742297
IJABAL16,IMISRA13,161.35080793791008,4227,725,584,276,0.17151644192098414,0.13815945114738584,100.16560208185473,2.7554369390647144
IJABAL16,IMURQU5,73.1029378670759,3935,725,1001,329,0.18424396442185514,0.25438373570520967,184.428208386277,1.7838919700988667
IJABAL16,IMURQU6,142.36341543760588,3580,664,1464,369,0.18547486033519553,0.40893854748603353,271.53519553072624,1.358939857791823
IJABAL16,IMURQU7,119.59228519363526,4204,725,639,202,0.17245480494766888,0.15199809705042816,110.19862036156042,1.833053801737629
IJABAL16,INALUT3,142.28768571697648,4178,719,1562,488,0.172091910004787,0.37386309238870274,268.8075634274773,1.815425108496471
IJABAL16,INUQAT10,93.47859065065364,4088,716,679,263,0.175146771037182,0.1660958904109589,118.92465753424656,2.2114841905200717
IJABAL16,INUQAT8,125.32791185097162,4166,719,291,191,0.1725876140182429,0.06985117618819012,50.22299567930869,3.80303877569553
IJABAL16,INUQAT9,83.59096518777272,4146,719,685,256,0.173420164013507,0.1652194886637723,118.79281234925229,2.1550125376892075
IJABAL16,ITAHLI1,48.943569302989175,4193,724,499,270,0.17266873360362509,0.11900787025995707,86.1616980682089,3.133642976560857
IJABAL16,ITRIPO32,100.53365814284791,3700,658,1922,468,0.17783783783783783,0.5194594594594595,341.8043243243243,1.3692044444585019
IJABAL16,ITRIPO33,92.5394311854744,4033,717,651,261,0.177783287875031,0.16141829903297794,115.7369204066452,2.2551144361105218
IJABAL16,IZAWIY5,79.97155026953111,4227,725,565,168,0.17151644192098414,0.13366453749704282,96.90678968535605,1.7336246566981997
IJABAL16,IZAWIY7,75.57731419235469,4215,725,490,208,0.17200474495848161,0.1162514827995255,84.282325029656,2.4678958479943702
IJANZO2,IJANZO3,13.207627050342301,4164,408,463,249,0.09798270893371758,0.1111911623439001,45.36599423631124,5.488692669292339
IJANZO2,IJANZO4,24.345954598116126,3538,383,2863,351,0.10825325042396834,0.8092142453363482,309.9290559638214,1.1325172430460115
IJANZO2,IMISRA12,218.51808105509377,3992,365,494,206,0.09143286573146292,0.12374749498997996,45.16783567134268,4.560767566968
IJANZO2,IMISRA13,157.28765464125686,4164,408,560,190,0.09798270893371758,0.1344860710854947,54.87031700288184,3.462710084033614
IJANZO2,IMURQU5,83.19799547005074,3872,408,976,173,0.10537190082644628,0.25206611570247933,102.84297520661157,1.682176149148184
IJANZO2,IMURQU6,118.3534640613056,3517,381,1458,252,0.10833096388967871,0.4145578618140461,157.94654535115157,1.5954764913645052
IJANZO2,IMURQU7,109.03192876094745,4164,408,615,137,0.09798270893371758,0.14769452449567724,60.25936599423631,2.27350549976088
IJANZO2,INALUT3,176.27540892882357,4164,408,1549,291,0.09798270893371758,0.3719980787704131,151.77521613832852,1.9173090798617705
IJANZO2,INUQAT10,63.01671834863055,4088,406,679,251,0.09931506849315068,0.1660958904109589,67.43493150684931,3.7221065461378298
IJANZO2,INUQAT8,96.06000790223798,4164,408,291,163,0.09798270893371758,0.06988472622478387,28.512968299711815,5.71669698807358
IJANZO2,INUQAT9,51.29099510223977,4146,408,685,236,0.09840810419681621,0.1652194886637723,67.4095513748191,3.500987548303993
IJANZO2,ITAHLI1,35.52318861745028,4164,408,499,231,0.09798270893371758,0.11983669548511047,48.893371757925074,4.724566780620063
IJANZO2,ITRIPO32,37.577216410612856,3700,381,1922,292,0.10297297297297298,0.5194594594594595,197.91405405405408,1.475387897012353
IJANZO2,ITRIPO33,17.129529684336465,4033,408,651,236,0.1011653855690553,0.16141829903297794,65.85866600545499,3.5834312219511464
IJANZO2,IZAWIY5,39.01175846355564,4164,408,541,179,0.09798270893371758,0.1299231508165226,53.00864553314121,3.3768076546700008
IJANZO2,IZAWIY7,19.375538956652985,4164,408,457,160,0.09798270893371758,0.10975024015369837,44.778097982708935,3.5731754408546785
IJANZO3,IJANZO4,33.84652484291196,3538,439,2863,392,0.12408140192198983,0.8092142453363482,355.2450537026569,1.1034636398571993
IJANZO3,IMISRA12,228.41504339960204,3992,422,494,169,0.10571142284569138,0.12374749498997996,52.221442885771545,3.2362185083561985
IJANZO3,IMISRA13,168.06990247590642,4181,463,564,219,0.1107390576417125,0.13489595790480746,62.456828509925856,3.506422039428335
IJANZO3,IMURQU5,90.14572656192776,3889,463,980,170,0.11905374132167652,0.2519928002057084,116.67266649524299,1.4570679243619693
IJANZO3,IMURQU6,130.3489338408016,3534,443,1458,281,0.12535370684776456,0.41256366723259763,182.76570458404075,1.537487575360663
IJANZO3,IMURQU7,119.6448173539954,4181,463,619,130,0.1107390576417125,0.14805070557282946,68.54747668022003,1.8964957762991241
IJANZO3,INALUT3,163.4308681994364,4178,463,1562,300,0.11081857348013403,0.37386309238870274,173.09861177596937,1.733116152244312
IJANZO3,INUQAT10,50.22480694430832,4088,463,679,228,0.11325831702544031,0.1660958904109589,76.90239726027397,2.9647970430406807
IJANZO3,INUQAT8,84.06219507119916,4166,463,291,163,0.11113778204512723,0.06985117618819012,32.341094575132026,5.040027313278855
IJANZO3,INUQAT9,38.22642076604205,4146,463,685,200,0.11167390255668114,0.1652194886637723,76.49662325132658,2.6144944900758302
IJANZO3,ITAHLI1,35.530153782279264,4181,463,499,264,0.1107390576417125,0.11934943793350873,55.25878976321454,4.777520483732044
IJANZO3,ITRIPO32,50.71126081078297,3700,443,1922,297,0.11972972972972973,0.5194594594594595,230.12054054054056,1.2906279435219614
IJANZO3,ITRIPO33,30.298582082867824,4033,463,651,233,0.11480287627076619,0.16141829903297794,74.73667245226879,3.117612710798804
IJANZO3,IZAWIY5,25.933829411557515,4181,463,545,185,0.1107390576417125,0.13035159052858167,60.35278641473331,3.065310004557434
IJANZO3,IZAWIY7,6.256250176063599,4181,463,461,116,0.1107390576417125,0.11026070318105716,51.050705572829465,2.2722506711393673
IJANZO4,IMISRA12,194.7075577812163,3367,2694,451,400,0.8001188001188001,0.13394713394713395,360.8535788535789,1.1084828402444784
IJANZO4,IMISRA13,134.24004289683438,3538,2863,480,451,0.8092142453363482,0.13566986998304126,388.42283776144717,1.1611057748282687
IJANZO4,IMURQU5,59.19439773976747,3538,2863,940,808,0.8092142453363482,0.26568682871678917,760.6613906161674,1.0622334851851576
IJANZO4,IMURQU6,97.50744161496416,3419,2786,1439,1157,0.8148581456566247,0.4208832992102954,1172.5808715998828,0.986712326648631
IJANZO4,IMURQU7,85.80490053850775,3538,2863,443,383,0.8092142453363482,0.1252119841718485,358.4819106840023,1.0683942162359488
IJANZO4,INALUT3,187.16731001258293,3538,2863,1424,1267,0.8092142453363482,0.4024872809496891,1152.3210853589599,1.0995199307711327
IJANZO4,INUQAT10,82.91768772705606,3463,2790,616,565,0.8056598325151603,0.1778804504764655,496.28645682933876,1.1384554066005679
IJANZO4,INUQAT8,117.60935403282079,3538,2863,270,262,0.8092142453363482,0.07631430186546072,218.48784624081404,1.1991513693225184
IJANZO4,INUQAT9,70.26405973041368,3521,2847,560,521,0.8085771087759159,0.15904572564612326,452.8031809145129,1.1506102915349492
IJANZO4,ITAHLI1,25.86481172896806,3538,2863,459,416,0.8092142453363482,0.1297343131712832,371.4293386093838,1.1199976866595593
IJANZO4,ITRIPO32,27.47875728198048,3415,2783,1731,1404,0.8149341142020498,0.5068814055636897,1410.6509516837484,0.9952851896666501
IJANZO4,ITRIPO33,21.595700047197187,3483,2810,378,330,0.8067757680160781,0.10852713178294573,304.96124031007747,1.0821047280122016
IJANZO4,IZAWIY5,58.31040299745979,3538,2863,474,451,0.8092142453363482,0.13397399660825324,383.567552289429,1.1758033162817914
IJANZO4,IZAWIY7,38.36871379006105,3538,2863,442,393,0.8092142453363482,0.12492933860938384,357.6726964386659,1.098769919854344
IMISRA12,IMISRA13,64.18920738971784,3992,494,488,206,0.12374749498997996,0.12224448897795591,60.38877755511022,3.411229840047787
IMISRA12,IMURQU5,142.78323861931898,3700,493,900,153,0.13324324324324324,0.24324324324324326,119.91891891891892,1.2758620689655171
IMISRA12,IMURQU6,110.34900850744917,3345,437,1423,271,0.13064275037369208,0.42541106128550077,185.90463378176383,1.4577366603897075
IMISRA12,IMURQU7,110.02875604119947,3992,494,543,157,0.12374749498997996,0.13602204408817636,67.19488977955912,2.336487201855041
IMISRA12,INALUT3,349.8382384197245,3992,494,1453,309,0.12374749498997996,0.36397795591182364,179.8051102204409,1.7185273523158842
IMISRA12,INUQAT10,275.0048062499041,3992,494,638,205,0.12374749498997996,0.1598196392785571,78.95090180360721,2.5965504549896568
IMISRA12,INUQAT8,310.6919191071152,3992,494,242,150,0.12374749498997996,0.06062124248496994,29.94689378757515,5.00886673135477
IMISRA12,INUQAT9,262.04973776361675,3992,494,634,238,0.12374749498997996,0.15881763527054107,78.45591182364728,3.033550875490109
IMISRA12,ITAHLI1,201.9991494793527,3992,494,468,221,0.12374749498997996,0.11723446893787576,57.91382765531062,3.8160143949617633
IMISRA12,ITRIPO32,189.2178400578203,3533,446,1813,341,0.12623832437022361,0.5131616190206624,228.87008208321544,1.489928246174242
IMISRA12,ITRIPO33,207.54764275389448,3917,493,627,244,0.12586162879754914,0.1600714832780189,78.91524125606331,3.091924907233971
IMISRA12,IZAWIY5,251.10757981986592,3992,494,455,105,0.12374749498997996,0.11397795591182365,56.30511022044088,1.864839613827468
IMISRA12,IZAWIY7,232.31451228627765,3992,494,409,195,0.12374749498997996,0.10245490981963928,50.612725450901806,3.8527859992278986
IMISRA13,IMURQU5,89.56039488864887,3965,582,1001,310,0.1467843631778058,0.25245901639344265,146.93114754098363,2.1098317490070064
IMISRA13,IMURQU6,46.378667453838744,3602,484,1464,303,0.13436979455857856,0.40644086618545255,196.71737923375903,1.5402807885110419
IMISRA13,IMURQU7,48.45164011232451,4204,584,639,293,0.13891531874405327,0.15199809705042816,88.76688867745004,3.300780328852874
IMISRA13,INALUT3,302.8995823607052,4178,561,1562,397,0.13427477261847773,0.37386309238870274,209.73719483006224,1.8928449973866859
IMISRA13,INUQAT10,216.44112951506514,4088,560,679,254,0.136986301369863,0.1660958904109589,93.01369863013699,2.730780559646539
IMISRA13,INUQAT8,251.6621538998705,4166,560,291,254,0.13442150744119058,0.06985117618819012,39.11665866538647,6.493397152675502
IMISRA13,INUQAT9,203.54792092859148,4146,560,685,338,0.13506994693680657,0.1652194886637723,92.5229136517125,3.6531491136600622
IMISRA13,ITAHLI1,145.29043395726958,4193,576,499,229,0.13737181015979014,0.11900787025995707,68.54853326973529,3.340698758628367
IMISRA13,ITRIPO32,125.99321671371136,3700,462,1922,309,0.12486486486486487,0.5194594594594595,239.9902702702703,1.2875521980620834
IMISRA13,ITRIPO33,145.11433698101243,4033,560,651,276,0.1388544507810563,0.16141829903297794,90.39424745846765,3.0532916392363396
IMISRA13,IZAWIY5,192.0373711645383,4250,584,565,304,0.13741176470588234,0.13294117647058823,77.63764705882352,3.9156261365013947
IMISRA13,IZAWIY7,172.50117594491726,4215,584,490,263,0.13855278766310794,0.1162514827995255,67.89086595492289,3.873864271736092
IMURQU5,IMURQU6,70.70179996116894,3579,973,1464,548,0.27186364906398436,0.4090528080469405,398.0083822296731,1.3768554243256448
IMURQU5,IMURQU7,46.61340668621818,3912,1001,542,255,0.25587934560327197,0.1385480572597137,138.6866053169734,1.838677927238813
IMURQU5,INALUT3,213.49331592698113,3886,977,1522,452,0.25141533710756564,0.3916623777663407,382.65414307771493,1.1812233270611716
IMURQU5,INUQAT10,133.19779205175115,3796,976,638,283,0.2571127502634352,0.16807165437302424,164.03793466807167,1.7252106994192917
IMURQU5,INUQAT8,169.0083547834671,3874,976,291,189,0.25193598347960766,0.07511615900877645,73.31337119256582,2.5779744803109685
IMURQU5,INUQAT9,120.31245903540331,3854,976,656,269,0.2532433834976648,0.1702127659574468,166.1276595744681,1.6192366803278686
IMURQU5,ITAHLI1,59.716848013008324,3901,992,499,209,0.2542937708279928,0.12791591899512944,126.89259164316842,1.6470622697006918
IMURQU5,ITRIPO32,68.91609383094568,3505,948,1769,629,0.2704707560627675,0.5047075606276747,478.46276747503566,1.314626848227681
IMURQU5,ITRIPO33,78.37199352098932,3816,976,444,147,0.2557651991614256,0.11635220125786164,113.55974842767296,1.2944727514399645
IMURQU5,IZAWIY5,110.08809078241417,3958,1001,563,282,0.25290550783223853,0.14224355735219807,142.38580090955028,1.9805345631278135
IMURQU5,IZAWIY7,92.83598178005931,3923,1001,490,240,0.2551618659189396,0.12490440989039,125.0293143002804,1.9195498379171847
IMURQU6,IMURQU7,26.437481973348483,3557,1464,441,217,0.41158279448973856,0.12398088276637616,181.50801236997472,1.195539509064099
IMURQU6,INALUT3,278.39807639841285,3531,1458,1372,674,0.4129141886151232,0.38855848201642595,566.518266779949,1.1897233320135814
IMURQU6,INUQAT10,180.27861827438224,3441,1454,619,321,0.42255158384190644,0.17988956698634118,261.5594303981401,1.2272545459797828
IMURQU6,INUQAT8,214.3392383280821,3519,1458,273,201,0.4143222506393862,0.07757885763000852,113.10997442455243,1.7770316103649437
IMURQU6,INUQAT9,167.73124506544815,3499,1455,541,291,0.4158330951700486,0.15461560445841668,224.96570448699623,1.2935304990757859
IMURQU6,ITAHLI1,114.2005221862633,3546,1460,477,292,0.41173152848279754,0.13451776649746192,196.39593908629442,1.4867924528301886
IMURQU6,ITRIPO32,83.72562655624516,3512,1458,1785,907,0.4151480637813212,0.5082574031890661,741.0392938496583,1.2239566882994626
IMURQU6,ITRIPO33,104.19996957040256,3461,1454,439,250,0.42010979485697775,0.12684195319271888,184.42819994221324,1.3555410727770065
IMURQU6,IZAWIY5,155.6727069981453,3602,1464,472,218,0.40644086618545255,0.13103831204886174,191.8400888395336,1.1363631101231824
IMURQU6,IZAWIY7,135.50975807463968,3568,1464,475,216,0.4103139013452915,0.13312780269058297,194.89910313901348,1.1082657463330456
IMURQU7,INALUT3,258.6226114312447,4178,616,1562,291,0.14743896601244616,0.37386309238870274,230.2996649114409,1.2635710959974722
IMURQU7,INUQAT10,168.04709930210032,4088,615,679,165,0.150440313111546,0.1660958904109589,102.14897260273972,1.6152879054563742
IMURQU7,INUQAT8,203.21747727197092,4166,615,291,169,0.14762361977916466,0.06985117618819012,42.95847335573692,3.9340317939261866
IMURQU7,INUQAT9,155.17271895790378,4146,615,685,248,0.14833574529667148,0.1652194886637723,101.60998552821998,2.4407050026704646
IMURQU7,ITAHLI1,97.61745489344256,4193,631,499,202,0.1504889100882423,0.11900787025995707,75.09396613403291,2.6899631275228746
IMURQU7,ITRIPO32,79.46309844821394,3700,464,1922,296,0.1254054054054054,0.5194594594594595,241.0291891891892,1.2280670278804406
IMURQU7,ITRIPO33,97.52693067550443,4033,587,651,221,0.14554921894371436,0.16141829903297794,94.75254153235805,2.332391262819355
IMURQU7,IZAWIY5,143.60972811962856,4204,639,565,282,0.15199809705042816,0.13439581351094196,85.87892483349191,3.283692716772612
IMURQU7,IZAWIY7,124.04966966909075,4204,639,482,165,0.15199809705042816,0.11465271170313987,73.26308277830637,2.252157481542088
INALUT3,INUQAT10,122.63903914808209,4088,1486,679,326,0.36350293542074363,0.1660958904109589,246.8184931506849,1.3208086470286247
INALUT3,INUQAT8,113.53818360761059,4166,1551,291,217,0.37229956793086894,0.06985117618819012,108.33917426788287,2.002968930365289
INALUT3,INUQAT9,129.3716384591898,4146,1531,685,448,0.3692715870718765,0.1652194886637723,252.9510371442354,1.7710937462752745
INALUT3,ITAHLI1,165.2661288701606,4178,1562,499,341,0.37386309238870274,0.11943513642891336,186.55768310196268,1.8278528888763441
INALUT3,ITRIPO32,211.97828748666706,3700,1381,1922,766,0.37324324324324326,0.5194594594594595,717.3735135135136,1.0677840561025542
INALUT3,ITRIPO33,193.28422631166129,4033,1489,651,355,0.3692040664517729,0.16141829903297794,240.35184726010417,1.4770013380251903
INALUT3,IZAWIY5,140.1072844673102,4178,1562,542,327,0.37386309238870274,0.12972714217328865,202.63379607467687,1.6137485766663044
INALUT3,IZAWIY7,157.1798543179809,4178,1562,458,249,0.37386309238870274,0.10962182862613691,171.22929631402587,1.4541904064322415
INUQAT10,INUQAT8,35.81058197085253,4088,679,291,190,0.1660958904109589,0.0711839530332681,48.33390410958904,3.9309880610762744
INUQAT10,INUQAT9,12.956083583930782,4088,679,685,264,0.1660958904109589,0.16756360078277888,113.77568493150686,2.3203551809767475
INUQAT10,ITAHLI1,73.49163363166502,4088,679,497,249,0.1660958904109589,0.12157534246575342,82.54965753424658,3.016366238669128
INUQAT10,ITRIPO32,100.4733018514525,3629,643,1880,448,0.17718379718930835,0.5180490493248829,333.10553871589974,1.3449190959928525
INUQAT10,ITRIPO33,79.43492550140911,4013,662,651,303,0.16496386743084973,0.16222277597807128,107.39147769748318,2.821452935525638
INUQAT10,IZAWIY5,24.614101599361888,4088,679,540,216,0.1660958904109589,0.13209393346379647,89.6917808219178,2.4082474226804127
INUQAT10,IZAWIY7,44.79026535273029,4088,679,457,243,0.1660958904109589,0.11179060665362035,75.90582191780823,3.2013354688804165
INUQAT8,INUQAT9,48.718618579923344,4146,291,685,211,0.07018813314037627,0.1652194886637723,48.078871201157746,4.388622168710963
INUQAT8,ITAHLI1,109.30095007245698,4166,291,499,196,0.06985117618819012,0.11977916466634661,34.85573691790687,5.623177626731125
INUQAT8,ITRIPO32,132.58932387802847,3700,273,1922,173,0.07378378378378378,0.5194594594594595,141.81243243243242,1.2199212511387332
INUQAT8,ITRIPO33,111.37172741353392,4033,291,651,210,0.07215472353087032,0.16141829903297794,46.972725018596584,4.47067952555149
INUQAT8,IZAWIY5,59.68291260601048,4166,291,541,182,0.06985117618819012,0.1298607777244359,37.78948631781085,4.816154378743704
INUQAT8,IZAWIY7,79.24229997538811,4166,291,457,172,0.06985117618819012,0.10969755160825732,31.921987518002886,5.3881356824351245
INUQAT9,ITAHLI1,60.631871838421105,4146,685,499,288,0.1652194886637723,0.12035697057404728,82.44452484322238,3.493258048944605
INUQAT9,ITRIPO32,88.86801276316767,3687,566,1922,360,0.15351234065636019,0.521291022511527,295.0507187415243,1.2201292087526612
INUQAT9,ITRIPO33,68.085198779732,4033,684,651,271,0.16960079345400447,0.16141829903297794,110.41011653855692,2.454485227405431
INUQAT9,IZAWIY5,12.292673390920617,4146,685,541,268,0.1652194886637723,0.13048721659430776,89.3837433671008,2.99830808046737
INUQAT9,IZAWIY7,32.485681013733235,4146,685,457,262,0.1652194886637723,0.11022672455378678,75.50530631934394,3.4699547988308392
ITAHLI1,ITRIPO32,53.32810484610599,3700,479,1922,273,0.12945945945945947,0.5194594594594595,248.82108108108108,1.0971739163493144
ITAHLI1,ITRIPO33,43.60258248026563,4033,497,651,257,0.12323332506818746,0.16141829903297794,80.22489461939004,3.2034943918503336
ITAHLI1,IZAWIY5,50.82981590044089,4193,499,557,197,0.11900787025995707,0.13284044836632483,66.2873837347961,2.971907909175622
ITAHLI1,IZAWIY7,35.97409899336144,4193,499,473,196,0.11900787025995707,0.11280705938468877,56.29072263295969,3.481923678223254
ITRIPO32,ITRIPO33,21.22273504288223,3649,1889,620,433,0.5176760756371609,0.16990956426418197,320.95916689503974,1.349081268464284
ITRIPO32,IZAWIY5,76.5882728792709,3700,1922,451,206,0.5194594594594595,0.1218918918918919,234.27621621621623,0.8793039401399595
ITRIPO32,IZAWIY7,56.726460268085134,3700,1922,442,295,0.5194594594594595,0.11945945945945946,229.6010810810811,1.2848371558661085
ITRIPO33,IZAWIY5,55.8642497711667,4033,651,540,172,0.16141829903297794,0.13389536325316143,87.1658814778081,1.973249132388917
ITRIPO33,IZAWIY7,36.49910457383626,4033,651,457,196,0.16141829903297794,0.11331515001239773,73.76816265807092,2.6569727771111267
IZAWIY5,IZAWIY7,20.246468452519867,4215,565,490,166,0.13404507710557534,0.1162514827995255,65.68208778173191,2.5273252663897416
